customer_id,customer_name,city,state,signup_date
1,Prisha Setty,Surat,Gujarat,2025-11-28
2,Vanya Sankar,Ahmedabad,Gujarat,2023-11-05
3,Samarth Chander,Delhi,Delhi,2026-01-19
4,Vedika Dhar,Pune,Maharashtra,2024-11-12
5,Emir Kuruvilla,Pune,Maharashtra,2025-05-05
6,Alisha Lata,Mumbai,Maharashtra,2025-01-05
7,Tejas Rau,Surat,Gujarat,2024-01-11
8,Charvi Kalita,Jaipur,Rajasthan,2025-08-01
9,Vritika Bali,Surat,Gujarat,2025-04-17
10,Samiha Chaudhari,Kolkata,West Bengal,2024-02-04
11,Nitya Dixit,Chennai,Tamil Nadu,2024-10-19
12,Kiaan Din,Ahmedabad,Gujarat,2025-07-24
13,Advik Gole,Ahmedabad,Gujarat,2026-04-23
14,Farhan Bhattacharyya,Surat,Gujarat,2026-03-07
15,Tejas Kar,Pune,Maharashtra,2026-04-05
16,Yasmin Seth,Pune,Maharashtra,2024-10-31
17,Nirvi Varughese,Jaipur,Rajasthan,2024-02-13
18,Ehsaan Srinivasan,Kolkata,West Bengal,2026-03-08
19,Ritvik Varkey,Ahmedabad,Gujarat,2024-07-19
20,Shlok Kashyap,Jaipur,Rajasthan,2025-01-28
21,Armaan Deep,Pune,Maharashtra,2024-05-26
22,Yuvaan Hora,Jaipur,Rajasthan,2024-07-03
23,Zara Rama,Chennai,Tamil Nadu,2025-11-14
24,Yasmin Chaudry,Pune,Maharashtra,2024-02-12
25,Saksham Tank,Hyderabad,Telangana,2024-10-05
26,Seher Bakshi,Kolkata,West Bengal,2025-07-24
27,Rati Butala,Delhi,Delhi,2025-10-01
28,Neysa Chakraborty,Ahmedabad,Gujarat,2023-06-03
29,Vivaan Kara,Mumbai,Maharashtra,2025-04-08
30,Kabir Barman,Chennai,Tamil Nadu,2023-07-18
31,Dishani Varghese,Bengaluru,Karnataka,2024-11-22
32,Yasmin Sharaf,Delhi,Delhi,2025-11-13
33,Jiya Bahri,Mumbai,Maharashtra,2025-04-08
34,Shayak Khosla,Pune,Maharashtra,2023-10-13
35,Ahana  Doshi,Bengaluru,Karnataka,2025-07-31
36,Parinaaz Mahal,Surat,Gujarat,2023-06-10
37,Mohanlal Sem,Surat,Gujarat,2024-10-22
38,Fateh Dalal,Chennai,Tamil Nadu,2025-11-01
39,Tushar Upadhyay,Surat,Gujarat,2025-01-23
40,Vedika Dass,Bengaluru,Karnataka,2024-04-26
41,Trisha Solanki,Bengaluru,Karnataka,2025-01-22
42,Tiya Trivedi,Kolkata,West Bengal,2025-04-07
43,Dhruv Som,Delhi,Delhi,2026-03-31
44,Jivin Rajagopalan,Ahmedabad,Gujarat,2023-11-27
45,Oorja Wable,Hyderabad,Telangana,2025-05-05
46,Ira Kumar,Jaipur,Rajasthan,2024-01-13
47,Samar Dayal,Surat,Gujarat,2023-09-16
48,Samarth Kashyap,Chennai,Tamil Nadu,2025-05-12
49,Kartik Hayer,Surat,Gujarat,2024-07-24
50,Saksham Chaudry,Jaipur,Rajasthan,2024-11-24
51,Purab Bal,Delhi,Delhi,2023-10-20
52,Fateh Ghose,Kolkata,West Bengal,2023-10-02
53,Jiya Shroff,Bengaluru,Karnataka,2024-04-10
54,Aarna Uppal,Kolkata,West Bengal,2023-12-11
55,Anaya Dalal,Pune,Maharashtra,2023-08-07
56,Pihu Cheema,Surat,Gujarat,2025-05-20
57,Riaan Saxena,Ahmedabad,Gujarat,2025-11-13
58,Jayant Borra,Pune,Maharashtra,2026-02-02
59,Ivana Deep,Delhi,Delhi,2024-11-13
60,Raunak Dasgupta,Surat,Gujarat,2023-11-22
61,Oorja Kakar,Pune,Maharashtra,2023-12-10
62,Alia Dhaliwal,Surat,Gujarat,2025-02-03
63,Bhavin Chahal,Chennai,Tamil Nadu,2025-03-08
64,Yuvraj  Ganesan,Delhi,Delhi,2025-10-30
65,Shaan Hayre,Hyderabad,Telangana,2025-07-12
66,Azad Vohra,Bengaluru,Karnataka,2025-10-31
67,Adira Dara,Mumbai,Maharashtra,2025-03-06
68,Taran Barman,Bengaluru,Karnataka,2025-08-17
69,Zara Ravi,Bengaluru,Karnataka,2023-05-29
70,Faiyaz Shanker,Pune,Maharashtra,2024-11-23
71,Kaira Vala,Delhi,Delhi,2024-07-22
72,Akarsh Saxena,Surat,Gujarat,2024-06-22
73,Dhanuk Vyas,Kolkata,West Bengal,2026-05-14
74,Dharmajan Mahal,Mumbai,Maharashtra,2026-02-04
75,Ishaan Wali,Jaipur,Rajasthan,2023-07-19
76,Ivana Tank,Pune,Maharashtra,2025-10-29
77,Yuvraj  Ben,Mumbai,Maharashtra,2026-05-09
78,Vidur Sachdev,Hyderabad,Telangana,2026-03-19
79,Vivaan Sawhney,Chennai,Tamil Nadu,2024-01-04
80,Anahita Kapoor,Delhi,Delhi,2024-02-01
81,Kavya Chawla,Jaipur,Rajasthan,2025-06-22
82,Pihu Vig,Pune,Maharashtra,2024-04-23
83,Rasha Kant,Bengaluru,Karnataka,2025-02-24
84,Dhanush Gala,Ahmedabad,Gujarat,2025-05-19
85,Shayak Dhillon,Pune,Maharashtra,2025-02-24
86,Shanaya Kapadia,Ahmedabad,Gujarat,2024-11-15
87,Priyansh Savant,Bengaluru,Karnataka,2025-08-20
88,Nirvi Chaudhry,Chennai,Tamil Nadu,2025-05-03
89,Zoya Khalsa,Delhi,Delhi,2023-09-04
90,Kiaan Kaul,Surat,Gujarat,2024-07-01
91,Divit Kapur,Pune,Maharashtra,2024-04-06
92,Shanaya Barman,Kolkata,West Bengal,2025-05-25
93,Trisha Choudhry,Bengaluru,Karnataka,2023-05-25
94,Jayan Hegde,Pune,Maharashtra,2025-12-20
95,Ranbir Batra,Hyderabad,Telangana,2024-01-27
96,Dhanush Chaudry,Chennai,Tamil Nadu,2024-10-25
97,Jayan Krishnamurthy,Hyderabad,Telangana,2024-09-12
98,Nitya Mallick,Mumbai,Maharashtra,2024-10-09
99,Vardaniya Bhardwaj,Delhi,Delhi,2025-05-13
100,Dhruv Saran,Mumbai,Maharashtra,2025-07-11
101,Lagan Chahal,Pune,Maharashtra,2026-04-24
102,Vivaan Balakrishnan,Jaipur,Rajasthan,2024-08-03
103,Samaira Chandran,Jaipur,Rajasthan,2023-08-10
104,Fateh Choudhry,Delhi,Delhi,2026-03-13
105,Zain Ghosh,Kolkata,West Bengal,2025-07-14
106,Zain Sura,Chennai,Tamil Nadu,2025-07-04
107,Bhavin Kala,Kolkata,West Bengal,2024-11-15
108,Jayan Sem,Chennai,Tamil Nadu,2025-08-27
109,Aaryahi Bal,Bengaluru,Karnataka,2024-07-15
110,Neysa Walia,Pune,Maharashtra,2025-04-20
111,Diya Rajan,Mumbai,Maharashtra,2024-09-15
112,Anika Sampath,Jaipur,Rajasthan,2024-12-06
113,Ivan Wason,Hyderabad,Telangana,2025-08-19
114,Aayush Sahota,Surat,Gujarat,2024-08-21
115,Rhea Seth,Ahmedabad,Gujarat,2025-12-02
116,Yuvaan Baral,Surat,Gujarat,2026-01-02
117,Seher Kannan,Mumbai,Maharashtra,2024-09-26
118,Lavanya Madan,Mumbai,Maharashtra,2024-02-25
119,Tanya Korpal,Chennai,Tamil Nadu,2023-05-31
120,Shanaya Hora,Kolkata,West Bengal,2024-01-14
121,Raghav Kaul,Surat,Gujarat,2024-05-01
122,Anay Kapoor,Chennai,Tamil Nadu,2025-06-24
123,Keya Walla,Chennai,Tamil Nadu,2025-12-11
124,Kavya Sarma,Kolkata,West Bengal,2024-02-23
125,Riya Gulati,Hyderabad,Telangana,2026-04-17
126,Anahita Chaudhary,Jaipur,Rajasthan,2024-01-27
127,Eva Balan,Delhi,Delhi,2024-03-15
128,Eva Shroff,Jaipur,Rajasthan,2023-07-26
129,Kiara Toor,Ahmedabad,Gujarat,2023-06-02
130,Jayan Sandal,Surat,Gujarat,2025-04-20
131,Seher Raju,Jaipur,Rajasthan,2024-10-05
132,Suhana Doctor,Delhi,Delhi,2024-04-21
133,Dhanush Lad,Bengaluru,Karnataka,2026-03-28
134,Zara Lanka,Surat,Gujarat,2024-09-25
135,Rhea Malhotra,Delhi,Delhi,2024-06-16
136,Anika Varghese,Chennai,Tamil Nadu,2025-09-23
137,Vedika Kapur,Mumbai,Maharashtra,2023-09-07
138,Trisha Bedi,Hyderabad,Telangana,2025-03-18
139,Sara Saha,Ahmedabad,Gujarat,2023-09-27
140,Amira Ghosh,Delhi,Delhi,2024-11-21
141,Jayesh Sachdev,Jaipur,Rajasthan,2026-03-21
142,Taimur Barman,Mumbai,Maharashtra,2025-07-10
143,Taran Bahl,Jaipur,Rajasthan,2023-10-26
144,Faiyaz Dora,Surat,Gujarat,2024-11-07
145,Kanav Raju,Delhi,Delhi,2023-06-03
146,Shayak Ahluwalia,Jaipur,Rajasthan,2025-01-13
147,Pari Sami,Kolkata,West Bengal,2025-05-05
148,Anahi Dora,Pune,Maharashtra,2023-10-26
149,Zaina Subramaniam,Mumbai,Maharashtra,2024-10-08
150,Tanya Suri,Bengaluru,Karnataka,2024-03-23
151,Ahana  Karpe,Mumbai,Maharashtra,2025-06-05
152,Vaibhav Madan,Jaipur,Rajasthan,2024-05-03
153,Neysa Khatri,Jaipur,Rajasthan,2025-10-30
154,Nitara Arya,Ahmedabad,Gujarat,2025-01-14
155,Jivika Rau,Kolkata,West Bengal,2023-11-09
156,Rohan Malhotra,Bengaluru,Karnataka,2024-07-11
157,Vanya Dhaliwal,Hyderabad,Telangana,2025-04-03
158,Lakshay Dhawan,Ahmedabad,Gujarat,2024-11-28
159,Oorja Rege,Surat,Gujarat,2026-01-22
160,Samaira Lalla,Bengaluru,Karnataka,2024-11-03
161,Abram Maharaj,Delhi,Delhi,2024-04-19
162,Jayant Halder,Pune,Maharashtra,2023-09-08
163,Hazel Gopal,Ahmedabad,Gujarat,2024-09-16
164,Vidur Bir,Pune,Maharashtra,2023-12-11
165,Pranay Ramachandran,Kolkata,West Bengal,2025-12-11
166,Vedika Randhawa,Surat,Gujarat,2024-03-07
167,Gokul Aurora,Surat,Gujarat,2024-12-06
168,Nehmat Varkey,Hyderabad,Telangana,2024-02-05
169,Kabir Biswas,Surat,Gujarat,2024-02-24
170,Farhan Sarna,Jaipur,Rajasthan,2025-09-05
171,Navya Upadhyay,Mumbai,Maharashtra,2024-07-06
172,Neysa Sundaram,Mumbai,Maharashtra,2024-04-16
173,Fateh Hegde,Hyderabad,Telangana,2024-12-30
174,Aayush Bajaj,Jaipur,Rajasthan,2024-12-06
175,Parinaaz Rajagopal,Mumbai,Maharashtra,2024-07-06
176,Kiara Raval,Delhi,Delhi,2024-08-13
177,Mahika Ravi,Jaipur,Rajasthan,2024-07-14
178,Shaan Tandon,Kolkata,West Bengal,2023-12-08
179,Aniruddh Sharaf,Chennai,Tamil Nadu,2025-08-22
180,Anahita Gola,Pune,Maharashtra,2024-01-30
181,Zoya Kuruvilla,Jaipur,Rajasthan,2025-04-29
182,Baiju Chakraborty,Pune,Maharashtra,2023-07-04
183,Pihu Sangha,Delhi,Delhi,2024-05-08
184,Indrajit Dubey,Chennai,Tamil Nadu,2025-07-10
185,Kartik Lad,Bengaluru,Karnataka,2024-05-15
186,Tanya Mani,Hyderabad,Telangana,2023-11-08
187,Rhea Ghose,Jaipur,Rajasthan,2024-11-03
188,Nirvaan Dada,Hyderabad,Telangana,2026-03-07
189,Kavya Contractor,Surat,Gujarat,2024-07-29
190,Ishita Goel,Pune,Maharashtra,2026-05-15
191,Onkar Batta,Pune,Maharashtra,2023-05-23
192,Diya Sinha,Surat,Gujarat,2024-10-22
193,Sumer Bera,Bengaluru,Karnataka,2023-10-18
194,Divyansh Ramachandran,Ahmedabad,Gujarat,2024-06-04
195,Aniruddh Shenoy,Kolkata,West Bengal,2025-04-03
196,Kaira Ben,Jaipur,Rajasthan,2023-12-19
197,Navya Ahuja,Pune,Maharashtra,2023-12-04
198,Zain Kar,Kolkata,West Bengal,2024-03-11
199,Fateh Varghese,Pune,Maharashtra,2024-09-18
200,Shray Randhawa,Ahmedabad,Gujarat,2025-01-30
201,Indrajit Borde,Surat,Gujarat,2024-12-06
202,Aayush Thakkar,Ahmedabad,Gujarat,2025-04-15
203,Taran Karnik,Pune,Maharashtra,2024-05-28
204,Manikya Sathe,Surat,Gujarat,2025-03-06
205,Ojas Jhaveri,Ahmedabad,Gujarat,2025-04-09
206,Jivika Raman,Bengaluru,Karnataka,2023-11-21
207,Fateh Gade,Surat,Gujarat,2023-07-21
208,Tanya Sen,Jaipur,Rajasthan,2026-04-23
209,Indrans Vala,Pune,Maharashtra,2023-10-06
210,Hrishita Chadha,Delhi,Delhi,2023-07-29
211,Alia Chauhan,Hyderabad,Telangana,2024-01-13
212,Ranbir Thaman,Pune,Maharashtra,2023-08-06
213,Emir Deshmukh,Jaipur,Rajasthan,2023-07-09
214,Krish Bhavsar,Mumbai,Maharashtra,2026-01-30
215,Azad Boase,Kolkata,West Bengal,2023-07-07
216,Umang Arora,Kolkata,West Bengal,2024-10-28
217,Amani Mane,Hyderabad,Telangana,2024-03-01
218,Hunar Hari,Pune,Maharashtra,2025-06-18
219,Nitya Chauhan,Hyderabad,Telangana,2025-07-21
220,Anika Varty,Chennai,Tamil Nadu,2025-10-09
221,Oorja Bhatnagar,Pune,Maharashtra,2025-06-13
222,Vanya Dasgupta,Surat,Gujarat,2025-05-25
223,Darshit Dey,Surat,Gujarat,2025-03-10
224,Indrans Dube,Chennai,Tamil Nadu,2025-06-05
225,Hansh Bajaj,Bengaluru,Karnataka,2025-04-17
226,Mannat Sampath,Chennai,Tamil Nadu,2025-12-10
227,Vanya Zacharia,Chennai,Tamil Nadu,2024-05-30
228,Nakul Hegde,Hyderabad,Telangana,2025-06-10
229,Drishya Trivedi,Ahmedabad,Gujarat,2024-11-06
230,Jhanvi Din,Surat,Gujarat,2023-09-02
231,Amira Brahmbhatt,Ahmedabad,Gujarat,2025-03-21
232,Vihaan Sani,Chennai,Tamil Nadu,2023-10-05
233,Hansh Anand,Bengaluru,Karnataka,2023-06-28
234,Divyansh Jayaraman,Surat,Gujarat,2024-03-29
235,Kismat Balasubramanian,Pune,Maharashtra,2025-08-20
236,Onkar Dubey,Pune,Maharashtra,2025-07-15
237,Lagan Aggarwal,Pune,Maharashtra,2025-11-21
238,Abram Vora,Jaipur,Rajasthan,2023-05-29
239,Urvi Sane,Hyderabad,Telangana,2024-08-25
240,Lakshay Sastry,Mumbai,Maharashtra,2023-11-06
241,Urvi Ravel,Chennai,Tamil Nadu,2025-10-20
242,Mahika Badami,Mumbai,Maharashtra,2025-02-05
243,Riaan Rajagopal,Delhi,Delhi,2025-10-21
244,Hunar Amble,Hyderabad,Telangana,2024-02-26
245,Inaaya  Gandhi,Pune,Maharashtra,2024-03-02
246,Nehmat Kuruvilla,Surat,Gujarat,2023-09-11
247,Devansh Seth,Hyderabad,Telangana,2023-10-06
248,Saksham Gera,Jaipur,Rajasthan,2024-08-06
249,Dharmajan Sani,Surat,Gujarat,2024-01-09
250,Saksham Tailor,Ahmedabad,Gujarat,2023-11-28
251,Saksham Wali,Jaipur,Rajasthan,2025-01-21
252,Samiha Kara,Ahmedabad,Gujarat,2025-12-08
253,Kashvi Bhatnagar,Surat,Gujarat,2026-04-04
254,Pari Dugar,Pune,Maharashtra,2023-08-28
255,Armaan Dube,Mumbai,Maharashtra,2026-04-23
256,Pari Krishnamurthy,Chennai,Tamil Nadu,2024-10-17
257,Bhavin Karpe,Hyderabad,Telangana,2025-09-14
258,Jiya Lad,Hyderabad,Telangana,2025-04-26
259,Nakul Koshy,Pune,Maharashtra,2025-12-03
260,Aniruddh Desai,Chennai,Tamil Nadu,2025-12-04
261,Badal Mangal,Ahmedabad,Gujarat,2025-02-16
262,Vivaan Thaker,Mumbai,Maharashtra,2024-04-13
263,Oorja Behl,Chennai,Tamil Nadu,2024-05-15
264,Emir Kanda,Ahmedabad,Gujarat,2025-03-17
265,Prerak Maharaj,Chennai,Tamil Nadu,2023-08-18
266,Devansh Grover,Delhi,Delhi,2026-02-13
267,Ranbir Tak,Hyderabad,Telangana,2023-12-09
268,Ranbir Banerjee,Delhi,Delhi,2024-10-11
269,Vivaan Hans,Chennai,Tamil Nadu,2025-10-02
270,Hazel Shroff,Jaipur,Rajasthan,2026-02-07
271,Aarav Dhar,Hyderabad,Telangana,2026-01-25
272,Miraan Sundaram,Mumbai,Maharashtra,2024-06-16
273,Divyansh Kunda,Pune,Maharashtra,2023-10-14
274,Tushar Garde,Delhi,Delhi,2023-09-29
275,Kabir Sathe,Pune,Maharashtra,2024-10-09
276,Urvi Sami,Ahmedabad,Gujarat,2025-09-02
277,Ritvik Gera,Kolkata,West Bengal,2025-12-11
278,Tushar Bose,Jaipur,Rajasthan,2025-09-07
279,Onkar Wagle,Ahmedabad,Gujarat,2025-02-17
280,Ahana  Mammen,Bengaluru,Karnataka,2023-08-24
281,Zaina Sachar,Ahmedabad,Gujarat,2024-11-23
282,Seher Venkataraman,Ahmedabad,Gujarat,2026-05-05
283,Amira Agrawal,Kolkata,West Bengal,2023-12-25
284,Anay Deshmukh,Hyderabad,Telangana,2024-11-02
285,Aradhya Bandi,Jaipur,Rajasthan,2025-06-30
286,Hunar Choudhary,Jaipur,Rajasthan,2024-06-27
287,Devansh Srinivas,Mumbai,Maharashtra,2023-09-21
288,Badal Dutt,Ahmedabad,Gujarat,2024-01-19
289,Pari Wason,Jaipur,Rajasthan,2025-01-26
290,Mishti Bal,Surat,Gujarat,2024-09-09
291,Miraan Venkataraman,Mumbai,Maharashtra,2024-12-21
292,Parinaaz Batta,Surat,Gujarat,2024-03-03
293,Rohan Mahal,Kolkata,West Bengal,2023-06-11
294,Farhan Mammen,Surat,Gujarat,2024-01-16
295,Jiya Bumb,Pune,Maharashtra,2024-06-15
296,Hansh Bora,Chennai,Tamil Nadu,2024-12-31
297,Hrishita Chadha,Surat,Gujarat,2023-09-23
298,Kaira Sule,Kolkata,West Bengal,2024-12-01
299,Farhan Reddy,Pune,Maharashtra,2024-10-23
300,Seher Gaba,Kolkata,West Bengal,2025-01-10
301,Azad Garg,Kolkata,West Bengal,2026-04-10
302,Amani Tella,Ahmedabad,Gujarat,2025-12-10
303,Reyansh Sura,Kolkata,West Bengal,2023-09-12
304,Piya Gill,Surat,Gujarat,2025-11-25
305,Aarush Chowdhury,Chennai,Tamil Nadu,2026-04-13
306,Jayan Baral,Kolkata,West Bengal,2025-12-22
307,Chirag Anand,Kolkata,West Bengal,2026-04-23
308,Kashvi Bose,Jaipur,Rajasthan,2024-06-04
309,Taran Dhaliwal,Bengaluru,Karnataka,2026-03-19
310,Himmat Joshi,Delhi,Delhi,2024-06-17
311,Taran Rattan,Pune,Maharashtra,2025-02-01
312,Baiju Kakar,Bengaluru,Karnataka,2025-07-26
313,Nirvi Apte,Pune,Maharashtra,2023-12-29
314,Gokul Kant,Delhi,Delhi,2025-03-04
315,Vedika Mann,Chennai,Tamil Nadu,2024-04-12
316,Chirag Mander,Mumbai,Maharashtra,2023-08-07
317,Badal Lall,Delhi,Delhi,2023-06-27
318,Mehul Chaudhry,Hyderabad,Telangana,2024-01-27
319,Arnav Tailor,Bengaluru,Karnataka,2025-05-02
320,Hazel Amble,Surat,Gujarat,2023-07-25
321,Priyansh Thakur,Ahmedabad,Gujarat,2025-09-20
322,Divyansh Barad,Hyderabad,Telangana,2024-04-26
323,Jhanvi Balakrishnan,Kolkata,West Bengal,2025-10-06
324,Mishti Dora,Kolkata,West Bengal,2025-01-29
325,Nehmat Kapadia,Surat,Gujarat,2025-03-06
326,Elakshi Tara,Surat,Gujarat,2026-03-11
327,Suhana Sathe,Jaipur,Rajasthan,2024-12-17
328,Ivan Kannan,Pune,Maharashtra,2025-03-06
329,Amani Lad,Jaipur,Rajasthan,2026-04-20
330,Saira Mani,Delhi,Delhi,2025-08-22
331,Vanya Desai,Mumbai,Maharashtra,2025-08-30
332,Zaina Kumer,Bengaluru,Karnataka,2024-06-16
333,Raghav Dhillon,Surat,Gujarat,2024-09-25
334,Alisha Swaminathan,Pune,Maharashtra,2025-01-31
335,Ivana Chanda,Bengaluru,Karnataka,2024-01-23
336,Advik Dugar,Delhi,Delhi,2024-07-27
337,Mohanlal Srinivasan,Mumbai,Maharashtra,2023-09-15
338,Saira Iyer,Hyderabad,Telangana,2023-06-21
339,Gokul Sachar,Jaipur,Rajasthan,2025-01-19
340,Mohanlal Khatri,Delhi,Delhi,2024-09-02
341,Faiyaz Sarma,Kolkata,West Bengal,2023-06-14
342,Saanvi Dayal,Jaipur,Rajasthan,2023-11-13
343,Yakshit Lad,Ahmedabad,Gujarat,2026-03-01
344,Kiara Ganesh,Jaipur,Rajasthan,2024-04-15
345,Stuvan Gandhi,Delhi,Delhi,2025-12-14
346,Gokul Sankaran,Surat,Gujarat,2026-01-19
347,Ehsaan Tripathi,Mumbai,Maharashtra,2024-05-09
348,Ira Johal,Delhi,Delhi,2025-12-07
349,Raunak Mani,Surat,Gujarat,2024-10-28
350,Eshani Krishnamurthy,Surat,Gujarat,2024-11-10
351,Nirvi Kadakia,Jaipur,Rajasthan,2026-03-26
352,Navya Babu,Mumbai,Maharashtra,2025-03-02
353,Aradhya Lad,Delhi,Delhi,2025-06-07
354,Romil Chad,Delhi,Delhi,2025-05-01
355,Priyansh Chandran,Kolkata,West Bengal,2023-10-07
356,Ayesha Shanker,Pune,Maharashtra,2024-04-09
357,Ayesha Sarna,Bengaluru,Karnataka,2025-03-25
358,Hansh Chanda,Pune,Maharashtra,2026-03-14
359,Tarini Savant,Delhi,Delhi,2025-07-06
360,Ivana Buch,Jaipur,Rajasthan,2025-06-19
361,Nehmat Mander,Hyderabad,Telangana,2025-12-03
362,Shlok Sarin,Delhi,Delhi,2025-10-29
363,Tushar Som,Ahmedabad,Gujarat,2025-03-11
364,Divit Goda,Surat,Gujarat,2024-11-11
365,Myra Kala,Chennai,Tamil Nadu,2024-10-08
366,Sahil Doctor,Delhi,Delhi,2024-10-23
367,Madhup Sane,Ahmedabad,Gujarat,2025-09-01
368,Shanaya Bhatia,Ahmedabad,Gujarat,2025-01-21
369,Mamooty Garde,Bengaluru,Karnataka,2024-12-10
370,Raghav Srinivas,Mumbai,Maharashtra,2024-06-16
371,Pari Kapoor,Delhi,Delhi,2024-11-24
372,Nirvi Keer,Mumbai,Maharashtra,2026-03-22
373,Aaina Saini,Hyderabad,Telangana,2025-06-02
374,Shayak Ramesh,Jaipur,Rajasthan,2025-04-14
375,Yuvaan Bala,Chennai,Tamil Nadu,2024-09-07
376,Vidur Gole,Jaipur,Rajasthan,2025-03-09
377,Jayant Kannan,Ahmedabad,Gujarat,2023-06-22
378,Hridaan Virk,Surat,Gujarat,2024-01-04
379,Seher Ravi,Surat,Gujarat,2024-07-12
380,Jayesh Sandhu,Mumbai,Maharashtra,2025-08-18
381,Suhana Bhakta,Jaipur,Rajasthan,2024-08-30
382,Gatik Chakrabarti,Ahmedabad,Gujarat,2024-07-09
383,Divit Kala,Bengaluru,Karnataka,2024-10-20
384,Kashvi Bir,Kolkata,West Bengal,2025-08-02
385,Alisha Bajwa,Jaipur,Rajasthan,2025-04-03
386,Aaryahi Khalsa,Mumbai,Maharashtra,2024-07-12
387,Taimur Saraf,Chennai,Tamil Nadu,2024-06-12
388,Oorja Manda,Mumbai,Maharashtra,2024-01-02
389,Bhamini Borde,Ahmedabad,Gujarat,2024-05-20
390,Neelofar Gara,Delhi,Delhi,2026-01-27
391,Adah Ganesan,Bengaluru,Karnataka,2024-07-20
392,Jiya Doshi,Ahmedabad,Gujarat,2025-02-10
393,Tejas Sami,Bengaluru,Karnataka,2024-01-13
394,Riaan Tak,Pune,Maharashtra,2024-05-29
395,Yuvraj  Yohannan,Pune,Maharashtra,2026-01-14
396,Anay Kale,Surat,Gujarat,2023-12-23
397,Miraan Maharaj,Bengaluru,Karnataka,2024-05-01
398,Priyansh Kala,Jaipur,Rajasthan,2023-08-21
399,Ryan Barad,Chennai,Tamil Nadu,2023-08-15
400,Aarush Bains,Kolkata,West Bengal,2026-01-18
401,Tara Ranganathan,Mumbai,Maharashtra,2025-02-06
402,Jivin Sunder,Pune,Maharashtra,2025-12-26
403,Raghav Ramanathan,Mumbai,Maharashtra,2026-05-02
404,Prerak Jani,Mumbai,Maharashtra,2026-05-03
405,Taimur Iyengar,Chennai,Tamil Nadu,2026-03-10
406,Taimur Gulati,Ahmedabad,Gujarat,2023-11-12
407,Myra Desai,Mumbai,Maharashtra,2023-07-13
408,Armaan Rajagopal,Bengaluru,Karnataka,2025-01-07
409,Lagan Sen,Chennai,Tamil Nadu,2024-08-05
410,Hrishita Viswanathan,Pune,Maharashtra,2024-07-30
411,Kaira Sule,Delhi,Delhi,2026-01-20
412,Pihu Keer,Mumbai,Maharashtra,2024-03-31
413,Advik Dash,Surat,Gujarat,2025-02-05
414,Shaan Choudhary,Chennai,Tamil Nadu,2023-11-20
415,Chirag Bassi,Ahmedabad,Gujarat,2025-12-04
416,Nitya Uppal,Hyderabad,Telangana,2025-05-26
417,Kartik Bhalla,Pune,Maharashtra,2024-03-16
418,Anvi Saha,Pune,Maharashtra,2023-11-18
419,Dhanuk Wagle,Hyderabad,Telangana,2025-03-16
420,Abram Thaman,Bengaluru,Karnataka,2023-05-31
421,Dharmajan Solanki,Delhi,Delhi,2024-01-21
422,Jhanvi Wagle,Pune,Maharashtra,2025-10-23
423,Mamooty Sha,Pune,Maharashtra,2023-10-13
424,Tejas Ravel,Ahmedabad,Gujarat,2025-12-11
425,Hridaan Master,Pune,Maharashtra,2024-10-01
426,Samarth Rajagopal,Chennai,Tamil Nadu,2026-01-30
427,Shayak Sarma,Bengaluru,Karnataka,2025-12-15
428,Ayesha Zachariah,Delhi,Delhi,2024-01-08
429,Misha Dey,Surat,Gujarat,2026-02-07
430,Zoya Kakar,Delhi,Delhi,2024-06-12
431,Shamik Gopal,Bengaluru,Karnataka,2024-01-20
432,Yasmin Brar,Jaipur,Rajasthan,2025-04-05
433,Neelofar Chowdhury,Chennai,Tamil Nadu,2023-07-22
434,Diya Iyengar,Jaipur,Rajasthan,2024-05-07
435,Anahi Sandal,Bengaluru,Karnataka,2025-09-11
436,Hiran Agate,Ahmedabad,Gujarat,2025-01-30
437,Mannat Jha,Surat,Gujarat,2025-01-19
438,Romil Kaul,Delhi,Delhi,2026-02-19
439,Samarth Guha,Mumbai,Maharashtra,2024-09-23
440,Tarini Rastogi,Kolkata,West Bengal,2026-01-26
441,Oorja Edwin,Delhi,Delhi,2026-01-17
442,Zoya Bala,Ahmedabad,Gujarat,2025-06-11
443,Hiran Thaman,Surat,Gujarat,2023-06-21
444,Hiran Bajwa,Kolkata,West Bengal,2025-10-20
445,Ryan Dhaliwal,Chennai,Tamil Nadu,2023-06-10
446,Gatik Rastogi,Bengaluru,Karnataka,2025-06-30
447,Inaaya  Soman,Bengaluru,Karnataka,2024-10-21
448,Veer Buch,Chennai,Tamil Nadu,2024-06-11
449,Kashvi Randhawa,Kolkata,West Bengal,2024-05-30
450,Nakul Dhar,Jaipur,Rajasthan,2024-11-23
451,Hunar Sundaram,Surat,Gujarat,2024-04-23
452,Shlok Devan,Chennai,Tamil Nadu,2025-10-08
453,Dishani Sen,Kolkata,West Bengal,2025-08-15
454,Vardaniya Bhakta,Pune,Maharashtra,2025-06-30
455,Yuvraj  Sethi,Delhi,Delhi,2023-10-11
456,Lakshay Tak,Ahmedabad,Gujarat,2024-08-28
457,Hiran Hora,Chennai,Tamil Nadu,2023-05-22
458,Shaan Behl,Ahmedabad,Gujarat,2024-03-25
459,Anahi Bhakta,Jaipur,Rajasthan,2025-03-24
460,Shayak Chander,Jaipur,Rajasthan,2024-10-15
461,Zaina Ravi,Pune,Maharashtra,2025-07-12
462,Ivana Baral,Bengaluru,Karnataka,2024-08-09
463,Neelofar Chopra,Chennai,Tamil Nadu,2026-03-04
464,Myra Bora,Surat,Gujarat,2023-07-17
465,Vardaniya Raja,Bengaluru,Karnataka,2024-12-01
466,Kiara Johal,Kolkata,West Bengal,2025-11-28
467,Riaan Gokhale,Bengaluru,Karnataka,2025-07-10
468,Ishita Devan,Surat,Gujarat,2024-06-23
469,Saanvi Singhal,Delhi,Delhi,2026-04-14
470,Sumer Barad,Jaipur,Rajasthan,2023-07-08
471,Miraya Choudhary,Delhi,Delhi,2025-11-20
472,Rohan Shere,Chennai,Tamil Nadu,2026-05-14
473,Myra Aurora,Bengaluru,Karnataka,2025-12-03
474,Parinaaz Bhandari,Chennai,Tamil Nadu,2025-08-04
475,Shray Badal,Delhi,Delhi,2025-06-02
476,Yuvaan Tailor,Jaipur,Rajasthan,2025-08-07
477,Aarush Yadav,Mumbai,Maharashtra,2025-09-25
478,Ojas Vaidya,Pune,Maharashtra,2024-03-02
479,Vanya Bhatti,Chennai,Tamil Nadu,2026-02-27
480,Tiya Sethi,Chennai,Tamil Nadu,2025-05-09
481,Ayesha Mannan,Mumbai,Maharashtra,2025-05-22
482,Yuvaan Shan,Kolkata,West Bengal,2023-09-20
483,Lavanya Vohra,Kolkata,West Bengal,2026-04-22
484,Vedika Singhal,Delhi,Delhi,2024-10-17
485,Saksham Dhar,Chennai,Tamil Nadu,2025-04-05
486,Hazel Sahota,Jaipur,Rajasthan,2024-05-17
487,Ishaan Korpal,Ahmedabad,Gujarat,2024-05-29
488,Samiha Hegde,Delhi,Delhi,2025-10-23
489,Madhup Sur,Delhi,Delhi,2024-07-26
490,Rohan Das,Pune,Maharashtra,2025-09-09
491,Nirvi Devan,Chennai,Tamil Nadu,2024-11-24
492,Anika Gaba,Kolkata,West Bengal,2024-01-04
493,Anya Bains,Kolkata,West Bengal,2024-10-28
494,Vivaan Jaggi,Bengaluru,Karnataka,2024-03-30
495,Zain Goswami,Hyderabad,Telangana,2023-12-25
496,Onkar Talwar,Hyderabad,Telangana,2024-11-11
497,Alisha Sarin,Hyderabad,Telangana,2024-05-22
498,Umang Vyas,Pune,Maharashtra,2025-06-05
499,Ira Srinivas,Jaipur,Rajasthan,2024-04-22
500,Eva Hayre,Hyderabad,Telangana,2023-10-12
501,Himmat Kota,Mumbai,Maharashtra,2024-09-16
502,Zaina Khanna,Surat,Gujarat,2026-05-05
503,Rania Bail,Delhi,Delhi,2023-11-27
504,Madhup Choudhry,Jaipur,Rajasthan,2024-05-11
505,Jivin Hayre,Kolkata,West Bengal,2026-03-30
506,Raunak Ben,Bengaluru,Karnataka,2026-02-28
507,Shaan Sheth,Surat,Gujarat,2025-10-07
508,Nehmat Dhillon,Pune,Maharashtra,2024-07-20
509,Shalv Master,Delhi,Delhi,2025-12-10
510,Chirag Subramanian,Pune,Maharashtra,2025-07-10
511,Hiran Bandi,Pune,Maharashtra,2026-01-25
512,Piya Subramaniam,Mumbai,Maharashtra,2025-07-03
513,Aradhya Acharya,Ahmedabad,Gujarat,2024-03-11
514,Vritika Soni,Ahmedabad,Gujarat,2025-05-07
515,Yasmin Sem,Pune,Maharashtra,2024-06-14
516,Azad Bir,Hyderabad,Telangana,2025-11-12
517,Adah Srinivas,Kolkata,West Bengal,2023-10-15
518,Shayak Sachar,Surat,Gujarat,2024-07-19
519,Anvi Sabharwal,Hyderabad,Telangana,2023-12-12
520,Nitara Kalla,Chennai,Tamil Nadu,2025-10-03
521,Madhup Sastry,Kolkata,West Bengal,2024-06-05
522,Anay Handa,Pune,Maharashtra,2026-03-12
523,Emir Dayal,Chennai,Tamil Nadu,2023-12-14
524,Shamik Borde,Hyderabad,Telangana,2024-11-07
525,Rohan D’Alia,Chennai,Tamil Nadu,2023-11-05
526,Yuvraj  Kalla,Pune,Maharashtra,2026-03-23
527,Samar Mand,Mumbai,Maharashtra,2026-02-25
528,Drishya Hari,Ahmedabad,Gujarat,2025-03-08
529,Dhanush Mane,Surat,Gujarat,2024-04-25
530,Mehul Bera,Chennai,Tamil Nadu,2025-11-27
531,Anvi Wadhwa,Pune,Maharashtra,2026-04-17
532,Zain Keer,Mumbai,Maharashtra,2023-09-16
533,Lakshit Chatterjee,Jaipur,Rajasthan,2023-11-16
534,Siya Madan,Hyderabad,Telangana,2025-02-20
535,Vedika Krish,Ahmedabad,Gujarat,2026-02-25
536,Rasha Sha,Jaipur,Rajasthan,2025-07-16
537,Riaan Banik,Pune,Maharashtra,2025-09-30
538,Farhan Shetty,Surat,Gujarat,2024-03-11
539,Mishti Sethi,Hyderabad,Telangana,2024-04-19
540,Manjari Manne,Mumbai,Maharashtra,2026-02-16
541,Azad Venkatesh,Hyderabad,Telangana,2025-03-07
542,Ranbir Bansal,Jaipur,Rajasthan,2023-07-01
543,Indranil Buch,Jaipur,Rajasthan,2025-09-06
544,Prisha Jani,Kolkata,West Bengal,2026-03-02
545,Gatik Kurian,Bengaluru,Karnataka,2024-12-17
546,Eva Chatterjee,Hyderabad,Telangana,2026-02-02
547,Hunar Bajwa,Kolkata,West Bengal,2024-04-18
548,Jivika Kaur,Jaipur,Rajasthan,2023-11-08
549,Indranil Wadhwa,Chennai,Tamil Nadu,2024-02-19
550,Farhan Keer,Jaipur,Rajasthan,2024-01-29
551,Jiya Roy,Hyderabad,Telangana,2024-03-30
552,Samarth Subramanian,Mumbai,Maharashtra,2025-11-03
553,Lakshit Mangal,Hyderabad,Telangana,2024-12-31
554,Manjari Kota,Hyderabad,Telangana,2024-05-25
555,Chirag Sarna,Delhi,Delhi,2026-05-05
556,Oorja Kaul,Pune,Maharashtra,2023-09-15
557,Riya Kumar,Delhi,Delhi,2024-09-19
558,Samar Sridhar,Jaipur,Rajasthan,2026-03-19
559,Hunar Contractor,Hyderabad,Telangana,2025-01-06
560,Himmat Ahuja,Pune,Maharashtra,2025-06-11
561,Mohanlal Bajwa,Delhi,Delhi,2025-07-19
562,Bhamini Kale,Hyderabad,Telangana,2024-12-16
563,Jivin Chowdhury,Surat,Gujarat,2024-11-25
564,Alisha Mani,Delhi,Delhi,2024-11-01
565,Gatik Sahni,Pune,Maharashtra,2025-03-15
566,Mehul Mane,Delhi,Delhi,2025-09-08
567,Hrishita Hora,Bengaluru,Karnataka,2025-08-22
568,Shray Gera,Bengaluru,Karnataka,2024-10-03
569,Ivana Rau,Jaipur,Rajasthan,2023-11-19
570,Hazel Kalla,Surat,Gujarat,2023-07-16
571,Jiya Lalla,Mumbai,Maharashtra,2025-06-07
572,Jayant Mani,Mumbai,Maharashtra,2024-03-22
573,Advik Dugar,Pune,Maharashtra,2023-07-04
574,Faiyaz Madan,Chennai,Tamil Nadu,2024-11-23
575,Akarsh Viswanathan,Mumbai,Maharashtra,2025-10-15
576,Chirag Hans,Pune,Maharashtra,2025-06-26
577,Kimaya Hayre,Surat,Gujarat,2026-03-06
578,Rhea Das,Chennai,Tamil Nadu,2025-07-06
579,Hrishita Deol,Chennai,Tamil Nadu,2023-11-03
580,Jayant Bhatti,Bengaluru,Karnataka,2025-01-04
581,Zaina Saxena,Jaipur,Rajasthan,2024-08-15
582,Misha Chaudhary,Hyderabad,Telangana,2024-08-07
583,Reyansh Wason,Chennai,Tamil Nadu,2024-10-12
584,Lakshit Din,Ahmedabad,Gujarat,2026-04-04
585,Suhana Chander,Pune,Maharashtra,2023-12-28
586,Anay Divan,Chennai,Tamil Nadu,2026-04-07
587,Tara Chopra,Chennai,Tamil Nadu,2023-08-29
588,Tiya Sidhu,Kolkata,West Bengal,2023-05-25
589,Dishani Devan,Ahmedabad,Gujarat,2024-04-30
590,Priyansh Chatterjee,Kolkata,West Bengal,2025-08-04
591,Nakul D’Alia,Chennai,Tamil Nadu,2024-08-20
592,Anya Dutta,Hyderabad,Telangana,2025-04-06
593,Mahika Sha,Ahmedabad,Gujarat,2024-10-18
594,Lagan Singh,Bengaluru,Karnataka,2024-05-30
595,Ira Chowdhury,Delhi,Delhi,2025-10-28
596,Suhana Agate,Chennai,Tamil Nadu,2026-04-22
597,Shlok Kala,Chennai,Tamil Nadu,2023-12-08
598,Saira Sura,Jaipur,Rajasthan,2025-02-22
599,Madhav Desai,Jaipur,Rajasthan,2025-02-11
600,Priyansh Gera,Kolkata,West Bengal,2023-07-01
601,Umang Srivastava,Pune,Maharashtra,2024-04-27
602,Nitara Venkatesh,Hyderabad,Telangana,2025-10-02
603,Seher Shanker,Pune,Maharashtra,2023-10-20
604,Myra Savant,Delhi,Delhi,2023-07-17
605,Uthkarsh Kulkarni,Chennai,Tamil Nadu,2025-07-03
606,Misha Srinivasan,Hyderabad,Telangana,2025-07-29
607,Lagan Iyengar,Ahmedabad,Gujarat,2025-02-20
608,Kabir Sawhney,Chennai,Tamil Nadu,2025-08-09
609,Abram Varty,Bengaluru,Karnataka,2025-09-08
610,Rohan Bandi,Chennai,Tamil Nadu,2025-04-29
611,Vihaan Datta,Mumbai,Maharashtra,2025-07-15
612,Adira Garde,Hyderabad,Telangana,2023-06-11
613,Lakshit Vyas,Mumbai,Maharashtra,2025-01-04
614,Yakshit Rattan,Kolkata,West Bengal,2026-04-22
615,Badal Dhawan,Jaipur,Rajasthan,2025-04-22
616,Vardaniya Swamy,Ahmedabad,Gujarat,2024-03-25
617,Damini Sawhney,Chennai,Tamil Nadu,2025-11-02
618,Shanaya Gera,Kolkata,West Bengal,2025-07-28
619,Shanaya Dash,Kolkata,West Bengal,2025-02-14
620,Shaan Bahl,Ahmedabad,Gujarat,2026-02-09
621,Akarsh Bal,Surat,Gujarat,2026-01-21
622,Aradhya Kar,Chennai,Tamil Nadu,2025-05-13
623,Ela Bhagat,Mumbai,Maharashtra,2025-10-13
624,Himmat Chaudhary,Hyderabad,Telangana,2023-10-06
625,Akarsh Bala,Mumbai,Maharashtra,2024-09-01
626,Nirvi Bansal,Ahmedabad,Gujarat,2023-06-18
627,Dhanush Grewal,Delhi,Delhi,2024-02-10
628,Fateh Rao,Chennai,Tamil Nadu,2023-08-03
629,Amira Goda,Bengaluru,Karnataka,2026-03-28
630,Madhav Kulkarni,Pune,Maharashtra,2024-04-13
631,Akarsh Bhattacharyya,Hyderabad,Telangana,2025-05-13
632,Saira Chad,Bengaluru,Karnataka,2024-12-17
633,Hridaan Goyal,Bengaluru,Karnataka,2025-12-21
634,Sumer Mannan,Chennai,Tamil Nadu,2025-09-04
635,Nishith Manda,Delhi,Delhi,2024-03-03
636,Sara Basu,Chennai,Tamil Nadu,2025-03-20
637,Indrajit Jani,Delhi,Delhi,2024-10-14
638,Priyansh Khosla,Surat,Gujarat,2025-01-14
639,Gokul Tak,Hyderabad,Telangana,2024-06-26
640,Vritika Sood,Ahmedabad,Gujarat,2024-02-20
641,Sara Sridhar,Jaipur,Rajasthan,2024-06-25
642,Dharmajan Acharya,Ahmedabad,Gujarat,2024-06-14
643,Baiju Krishnamurthy,Bengaluru,Karnataka,2026-02-20
644,Trisha Hans,Pune,Maharashtra,2025-06-03
645,Aarush Ramachandran,Surat,Gujarat,2023-12-12
646,Shalv Basu,Ahmedabad,Gujarat,2026-03-19
647,Taran Saxena,Ahmedabad,Gujarat,2023-08-09
648,Hiran Shah,Pune,Maharashtra,2023-10-10
649,Myra Edwin,Pune,Maharashtra,2026-04-18
650,Saira Maharaj,Ahmedabad,Gujarat,2023-08-24
651,Vivaan Kuruvilla,Kolkata,West Bengal,2023-06-04
652,Alia Bakshi,Mumbai,Maharashtra,2023-12-24
653,Yuvaan Manda,Pune,Maharashtra,2023-12-04
654,Mishti Kari,Mumbai,Maharashtra,2025-12-23
655,Biju Deol,Hyderabad,Telangana,2025-08-06
656,Ehsaan Ramesh,Surat,Gujarat,2023-07-23
657,Abram Viswanathan,Kolkata,West Bengal,2025-05-26
658,Jivin Tella,Pune,Maharashtra,2025-10-04
659,Shlok Manne,Hyderabad,Telangana,2025-01-21
660,Urvi Barad,Delhi,Delhi,2023-07-08
661,Himmat Kala,Bengaluru,Karnataka,2025-08-15
662,Raghav Mangal,Mumbai,Maharashtra,2023-09-29
663,Tanya Ram,Kolkata,West Bengal,2025-07-23
664,Ranbir Korpal,Kolkata,West Bengal,2024-04-14
665,Taimur Dugal,Surat,Gujarat,2026-03-01
666,Ela Borra,Mumbai,Maharashtra,2024-01-25
667,Zara Kadakia,Delhi,Delhi,2024-08-14
668,Anahi Tata,Surat,Gujarat,2025-08-05
669,Krish Shukla,Kolkata,West Bengal,2023-12-09
670,Nayantara Rout,Ahmedabad,Gujarat,2024-08-13
671,Vedika Ben,Delhi,Delhi,2023-10-25
672,Eva Buch,Kolkata,West Bengal,2026-01-19
673,Shanaya Sabharwal,Chennai,Tamil Nadu,2023-07-11
674,Advika Sha,Chennai,Tamil Nadu,2024-06-03
675,Aniruddh Setty,Pune,Maharashtra,2025-10-02
676,Nirvaan Sachar,Surat,Gujarat,2024-12-26
677,Urvi Das,Kolkata,West Bengal,2025-07-04
678,Mishti Mann,Pune,Maharashtra,2024-08-28
679,Tushar Barad,Surat,Gujarat,2023-08-03
680,Suhana Bir,Delhi,Delhi,2024-05-05
681,Himmat Das,Kolkata,West Bengal,2024-11-04
682,Pranay Shah,Surat,Gujarat,2024-10-20
683,Nishith Sachar,Kolkata,West Bengal,2024-03-05
684,Damini Sastry,Ahmedabad,Gujarat,2023-06-25
685,Indrajit Bala,Bengaluru,Karnataka,2025-01-02
686,Prisha Srinivasan,Jaipur,Rajasthan,2025-01-01
687,Akarsh Bir,Chennai,Tamil Nadu,2025-08-06
688,Hansh Mallick,Bengaluru,Karnataka,2024-03-19
689,Pihu Kanda,Surat,Gujarat,2023-09-11
690,Nehmat Choudhary,Jaipur,Rajasthan,2024-03-10
691,Abram Kala,Bengaluru,Karnataka,2026-01-24
692,Diya Bhat,Ahmedabad,Gujarat,2023-05-29
693,Mishti Sidhu,Chennai,Tamil Nadu,2023-05-20
694,Dhanuk Korpal,Hyderabad,Telangana,2023-11-14
695,Piya Kunda,Surat,Gujarat,2026-02-01
696,Ishaan Kurian,Chennai,Tamil Nadu,2023-10-19
697,Amira Lata,Bengaluru,Karnataka,2025-01-31
698,Shaan Sachdev,Hyderabad,Telangana,2025-04-01
699,Mamooty Buch,Mumbai,Maharashtra,2025-12-09
700,Zain Varty,Chennai,Tamil Nadu,2024-08-17
701,Inaaya  Chander,Mumbai,Maharashtra,2025-12-02
702,Aaina Mani,Jaipur,Rajasthan,2025-09-14
703,Anika Talwar,Delhi,Delhi,2023-11-26
704,Nehmat Behl,Kolkata,West Bengal,2023-07-16
705,Samar Chauhan,Jaipur,Rajasthan,2025-06-11
706,Vardaniya Sanghvi,Hyderabad,Telangana,2026-04-14
707,Tara Ramanathan,Hyderabad,Telangana,2024-08-20
708,Adira Goel,Chennai,Tamil Nadu,2026-03-24
709,Jayant Tailor,Kolkata,West Bengal,2025-12-14
710,Divit Dasgupta,Delhi,Delhi,2026-01-21
711,Mohanlal Wali,Bengaluru,Karnataka,2023-11-15
712,Riaan Agrawal,Pune,Maharashtra,2025-11-12
713,Charvi Gara,Surat,Gujarat,2026-01-31
714,Zaina Arora,Delhi,Delhi,2025-01-31
715,Kabir Sangha,Hyderabad,Telangana,2026-01-04
716,Hridaan Devan,Pune,Maharashtra,2025-07-23
717,Tushar Bali,Hyderabad,Telangana,2024-07-01
718,Misha Karpe,Kolkata,West Bengal,2023-12-02
719,Vaibhav Rege,Kolkata,West Bengal,2025-10-12
720,Samiha Kale,Chennai,Tamil Nadu,2025-01-20
721,Mohanlal Sanghvi,Bengaluru,Karnataka,2024-03-19
722,Kiaan Kumar,Ahmedabad,Gujarat,2024-01-22
723,Yuvraj  Ramakrishnan,Hyderabad,Telangana,2025-06-18
724,Dhanush Shukla,Bengaluru,Karnataka,2024-05-22
725,Advik Chhabra,Mumbai,Maharashtra,2023-06-23
726,Nakul Deshpande,Hyderabad,Telangana,2023-08-08
727,Zara Shroff,Pune,Maharashtra,2025-04-13
728,Hridaan Warrior,Bengaluru,Karnataka,2025-10-22
729,Samarth Sule,Delhi,Delhi,2025-03-25
730,Riya Mangal,Bengaluru,Karnataka,2024-11-13
731,Misha Sachdev,Delhi,Delhi,2024-02-21
732,Navya Shah,Kolkata,West Bengal,2026-04-30
733,Yasmin Dutta,Delhi,Delhi,2025-05-08
734,Neysa Mangat,Jaipur,Rajasthan,2025-04-16
735,Drishya Jayaraman,Ahmedabad,Gujarat,2025-02-14
736,Madhup Gupta,Jaipur,Rajasthan,2023-07-12
737,Dharmajan Chaudhry,Pune,Maharashtra,2025-04-26
738,Ranbir Sodhi,Surat,Gujarat,2024-07-18
739,Vardaniya Hari,Pune,Maharashtra,2024-12-30
740,Amani Batta,Chennai,Tamil Nadu,2026-01-20
741,Kimaya Kibe,Hyderabad,Telangana,2025-07-18
742,Bhavin Bhatia,Jaipur,Rajasthan,2023-12-17
743,Shray Saxena,Pune,Maharashtra,2025-02-21
744,Yashvi Kanda,Hyderabad,Telangana,2025-12-02
745,Zeeshan Balasubramanian,Hyderabad,Telangana,2024-06-15
746,Divit Kade,Hyderabad,Telangana,2023-06-08
747,Baiju Devan,Ahmedabad,Gujarat,2023-05-25
748,Sara Chaudhari,Surat,Gujarat,2023-11-21
749,Hansh Khare,Delhi,Delhi,2026-02-11
750,Ayesha Dada,Pune,Maharashtra,2023-07-01
751,Vidur Chander,Chennai,Tamil Nadu,2026-01-24
752,Madhav Bhakta,Pune,Maharashtra,2025-09-25
753,Tushar Varkey,Delhi,Delhi,2025-06-12
754,Dishani Gour,Kolkata,West Bengal,2025-09-25
755,Reyansh Butala,Bengaluru,Karnataka,2023-08-19
756,Vardaniya Verma,Hyderabad,Telangana,2024-04-18
757,Devansh Chakraborty,Jaipur,Rajasthan,2025-05-16
758,Emir Chaudhari,Jaipur,Rajasthan,2025-03-26
759,Vihaan Buch,Bengaluru,Karnataka,2023-12-09
760,Shayak Deo,Chennai,Tamil Nadu,2025-12-18
761,Saira Contractor,Jaipur,Rajasthan,2025-05-04
762,Ritvik Dave,Bengaluru,Karnataka,2023-11-22
763,Indrans Mahal,Bengaluru,Karnataka,2025-06-28
764,Yasmin Sengupta,Hyderabad,Telangana,2025-10-24
765,Mannat Lata,Delhi,Delhi,2026-01-03
766,Drishya Lanka,Delhi,Delhi,2025-10-06
767,Misha Sankaran,Delhi,Delhi,2026-02-24
768,Yasmin Balan,Pune,Maharashtra,2025-09-24
769,Vedika Varty,Surat,Gujarat,2025-09-27
770,Jhanvi Datta,Pune,Maharashtra,2026-01-22
771,Pari Hans,Bengaluru,Karnataka,2026-05-06
772,Fateh Bhatia,Surat,Gujarat,2025-06-09
773,Jayant Karnik,Jaipur,Rajasthan,2023-12-19
774,Samar Venkataraman,Mumbai,Maharashtra,2025-03-01
775,Ivan Balan,Pune,Maharashtra,2023-11-12
776,Krish Bhagat,Pune,Maharashtra,2025-03-22
777,Hiran Bhasin,Hyderabad,Telangana,2025-06-18
778,Prerak Gulati,Delhi,Delhi,2024-08-01
779,Mannat Verma,Kolkata,West Bengal,2024-12-10
780,Charvi Sunder,Jaipur,Rajasthan,2025-11-12
781,Jhanvi Issac,Kolkata,West Bengal,2023-09-08
782,Adah Sarkar,Delhi,Delhi,2024-08-07
783,Biju Gola,Surat,Gujarat,2025-06-16
784,Jayan Deo,Pune,Maharashtra,2025-01-03
785,Rasha Bhakta,Delhi,Delhi,2024-07-16
786,Jiya Ratti,Pune,Maharashtra,2025-02-05
787,Veer Dash,Bengaluru,Karnataka,2023-07-29
788,Ranbir Srinivas,Mumbai,Maharashtra,2025-12-24
789,Zoya Sundaram,Delhi,Delhi,2025-09-06
790,Kiara Loke,Ahmedabad,Gujarat,2025-04-13
791,Anaya Virk,Jaipur,Rajasthan,2024-02-27
792,Ivana Hayer,Mumbai,Maharashtra,2025-06-12
793,Hrishita Koshy,Delhi,Delhi,2023-08-18
794,Madhup Hayer,Ahmedabad,Gujarat,2024-05-01
795,Akarsh Sodhi,Ahmedabad,Gujarat,2023-09-13
796,Keya Cherian,Jaipur,Rajasthan,2026-03-13
797,Dhanuk Iyer,Delhi,Delhi,2025-04-07
798,Riaan Lal,Mumbai,Maharashtra,2025-10-22
799,Manjari Varughese,Hyderabad,Telangana,2023-08-24
800,Ela Aggarwal,Surat,Gujarat,2024-01-02
801,Samaira Seshadri,Ahmedabad,Gujarat,2023-10-22
802,Renee Kale,Kolkata,West Bengal,2024-08-27
803,Aaina Sarin,Delhi,Delhi,2026-01-24
804,Dishani Sur,Hyderabad,Telangana,2023-08-11
805,Heer Dara,Hyderabad,Telangana,2024-09-27
806,Anahita Shenoy,Hyderabad,Telangana,2023-09-04
807,Rania Sabharwal,Bengaluru,Karnataka,2024-07-22
808,Keya Doshi,Mumbai,Maharashtra,2023-07-23
809,Eva Bains,Ahmedabad,Gujarat,2025-08-25
810,Lavanya Sampath,Delhi,Delhi,2025-04-08
811,Dhanush Bhalla,Hyderabad,Telangana,2024-01-01
812,Kiaan Agate,Surat,Gujarat,2023-08-29
813,Jayan Kaur,Surat,Gujarat,2026-03-06
814,Zoya Dhar,Chennai,Tamil Nadu,2025-10-11
815,Arhaan Basak,Hyderabad,Telangana,2024-02-09
816,Navya De,Surat,Gujarat,2025-12-06
817,Anvi Loyal,Kolkata,West Bengal,2024-12-08
818,Madhav Bhavsar,Ahmedabad,Gujarat,2026-03-04
819,Alia Shankar,Mumbai,Maharashtra,2026-02-18
820,Shalv Krishna,Mumbai,Maharashtra,2025-02-28
821,Madhup Verma,Kolkata,West Bengal,2024-01-30
822,Bhavin Khatri,Delhi,Delhi,2026-05-14
823,Jayesh Gopal,Surat,Gujarat,2025-05-18
824,Saanvi Loyal,Pune,Maharashtra,2026-04-18
825,Kiara Shanker,Surat,Gujarat,2024-02-08
826,Aniruddh Sodhi,Jaipur,Rajasthan,2025-10-30
827,Ritvik Bali,Chennai,Tamil Nadu,2025-09-17
828,Anya Sathe,Kolkata,West Bengal,2025-10-22
829,Aarush Solanki,Kolkata,West Bengal,2023-09-16
830,Kanav D’Alia,Kolkata,West Bengal,2024-06-12
831,Emir Barad,Pune,Maharashtra,2025-09-03
832,Vanya Bora,Jaipur,Rajasthan,2024-11-06
833,Aaryahi Balan,Chennai,Tamil Nadu,2024-09-20
834,Amani Konda,Hyderabad,Telangana,2024-06-01
835,Eva Dora,Hyderabad,Telangana,2026-03-21
836,Fateh Sarna,Delhi,Delhi,2024-11-22
837,Advika Reddy,Kolkata,West Bengal,2025-11-06
838,Elakshi Suresh,Chennai,Tamil Nadu,2023-06-13
839,Yuvaan Chanda,Delhi,Delhi,2024-02-24
840,Shanaya Ramanathan,Kolkata,West Bengal,2025-03-26
841,Anahi Keer,Kolkata,West Bengal,2026-03-04
842,Nayantara Sengupta,Ahmedabad,Gujarat,2024-05-03
843,Reyansh Bail,Kolkata,West Bengal,2024-04-18
844,Advik Brahmbhatt,Surat,Gujarat,2024-07-06
845,Zara Jhaveri,Pune,Maharashtra,2024-07-06
846,Arhaan Ray,Pune,Maharashtra,2024-04-28
847,Yakshit Loyal,Delhi,Delhi,2025-03-23
848,Aradhya Bhatnagar,Surat,Gujarat,2023-08-14
849,Vaibhav Chadha,Mumbai,Maharashtra,2025-05-12
850,Shamik Butala,Pune,Maharashtra,2025-05-11
851,Adah Wali,Mumbai,Maharashtra,2024-08-07
852,Vidur Anand,Jaipur,Rajasthan,2026-01-20
853,Vidur Mallick,Surat,Gujarat,2025-11-23
854,Abram Venkataraman,Mumbai,Maharashtra,2023-07-02
855,Kavya Anand,Ahmedabad,Gujarat,2025-10-08
856,Uthkarsh Issac,Chennai,Tamil Nadu,2024-07-21
857,Samar Choudhary,Hyderabad,Telangana,2024-03-27
858,Heer Chanda,Kolkata,West Bengal,2025-09-11
859,Yakshit Loyal,Hyderabad,Telangana,2025-06-15
860,Alisha Chopra,Delhi,Delhi,2026-03-16
861,Romil Sahni,Ahmedabad,Gujarat,2024-01-14
862,Shanaya De,Pune,Maharashtra,2026-04-26
863,Shlok Ratta,Delhi,Delhi,2024-07-01
864,Devansh Din,Delhi,Delhi,2024-07-11
865,Myra Bhatia,Hyderabad,Telangana,2023-08-16
866,Nirvi Atwal,Surat,Gujarat,2023-08-28
867,Dharmajan Subramanian,Pune,Maharashtra,2024-03-19
868,Eshani Dhar,Delhi,Delhi,2024-10-05
869,Mahika Kothari,Kolkata,West Bengal,2025-04-06
870,Lavanya Doshi,Pune,Maharashtra,2026-02-17
871,Sumer Dhaliwal,Chennai,Tamil Nadu,2023-05-19
872,Elakshi Sood,Surat,Gujarat,2023-11-03
873,Yashvi Sama,Jaipur,Rajasthan,2024-11-22
874,Rhea Hari,Pune,Maharashtra,2024-04-15
875,Riaan Bhargava,Mumbai,Maharashtra,2024-06-14
876,Nirvi D’Alia,Delhi,Delhi,2025-11-25
877,Romil Dhawan,Mumbai,Maharashtra,2024-04-14
878,Zain Tiwari,Surat,Gujarat,2025-06-28
879,Neysa Rajan,Ahmedabad,Gujarat,2024-11-12
880,Mamooty Bhandari,Mumbai,Maharashtra,2026-03-07
881,Azad Goyal,Delhi,Delhi,2024-09-15
882,Jivika Keer,Kolkata,West Bengal,2023-11-22
883,Yasmin Sharma,Kolkata,West Bengal,2026-02-13
884,Manjari Bobal,Delhi,Delhi,2025-04-17
885,Saira Arora,Hyderabad,Telangana,2024-06-23
886,Madhav Lanka,Surat,Gujarat,2025-07-29
887,Vritika Viswanathan,Hyderabad,Telangana,2025-03-05
888,Hansh Chatterjee,Delhi,Delhi,2026-04-07
889,Eva Bava,Chennai,Tamil Nadu,2023-07-08
890,Anya Kala,Delhi,Delhi,2025-06-12
891,Elakshi Devi,Jaipur,Rajasthan,2024-05-24
892,Divyansh Garg,Jaipur,Rajasthan,2025-11-02
893,Tushar Kari,Hyderabad,Telangana,2026-01-01
894,Ahana  Acharya,Hyderabad,Telangana,2024-04-19
895,Raghav Bali,Surat,Gujarat,2023-12-28
896,Ranbir Bhardwaj,Kolkata,West Bengal,2024-11-18
897,Amani Krish,Ahmedabad,Gujarat,2023-06-08
898,Riaan Karnik,Chennai,Tamil Nadu,2025-05-06
899,Zara Dash,Bengaluru,Karnataka,2024-05-07
900,Rohan Dass,Kolkata,West Bengal,2023-10-16
901,Krish Goda,Delhi,Delhi,2023-12-05
902,Hridaan Contractor,Ahmedabad,Gujarat,2025-07-13
903,Ela Krishnamurthy,Surat,Gujarat,2025-04-13
904,Siya Dutt,Pune,Maharashtra,2025-06-02
905,Inaaya  Deshmukh,Kolkata,West Bengal,2024-12-27
906,Kismat Amble,Kolkata,West Bengal,2024-08-18
907,Renee Bhasin,Ahmedabad,Gujarat,2024-01-19
908,Vritika Dave,Delhi,Delhi,2024-03-25
909,Prisha Bains,Kolkata,West Bengal,2026-02-27
910,Kavya Aggarwal,Ahmedabad,Gujarat,2024-10-19
911,Yuvraj  Madan,Mumbai,Maharashtra,2024-11-20
912,Zain Gour,Hyderabad,Telangana,2024-01-16
913,Taimur Dhillon,Jaipur,Rajasthan,2025-08-17
914,Rasha Suresh,Hyderabad,Telangana,2024-11-05
915,Raghav Bose,Delhi,Delhi,2023-11-04
916,Ritvik Sathe,Mumbai,Maharashtra,2024-10-06
917,Stuvan Dey,Kolkata,West Bengal,2025-05-05
918,Ivana Bawa,Chennai,Tamil Nadu,2024-01-11
919,Ranbir Mani,Hyderabad,Telangana,2024-08-05
920,Biju Rao,Surat,Gujarat,2025-01-11
921,Hansh Bora,Hyderabad,Telangana,2025-09-26
922,Sahil Barman,Bengaluru,Karnataka,2026-02-05
923,Lagan Shan,Chennai,Tamil Nadu,2024-06-07
924,Jivin Jani,Bengaluru,Karnataka,2025-03-22
925,Devansh Contractor,Bengaluru,Karnataka,2025-04-01
926,Nitya Randhawa,Surat,Gujarat,2023-12-13
927,Alia Choudhary,Mumbai,Maharashtra,2024-07-23
928,Piya Jain,Bengaluru,Karnataka,2026-01-17
929,Anay Hegde,Chennai,Tamil Nadu,2024-11-14
930,Hunar Tailor,Hyderabad,Telangana,2024-10-13
931,Keya Ratti,Delhi,Delhi,2024-08-04
932,Nehmat Bajwa,Chennai,Tamil Nadu,2025-07-20
933,Elakshi Atwal,Jaipur,Rajasthan,2023-12-16
934,Gokul Rajan,Ahmedabad,Gujarat,2025-12-24
935,Kashvi Mallick,Hyderabad,Telangana,2025-07-23
936,Miraan Varma,Surat,Gujarat,2024-12-29
937,Shamik Hayer,Bengaluru,Karnataka,2025-08-28
938,Samar Johal,Delhi,Delhi,2024-08-09
939,Ira Mannan,Bengaluru,Karnataka,2024-02-25
940,Manikya Sur,Surat,Gujarat,2024-06-07
941,Darshit Aggarwal,Chennai,Tamil Nadu,2023-11-25
942,Shlok Thakkar,Jaipur,Rajasthan,2026-02-28
943,Samiha Yogi,Ahmedabad,Gujarat,2026-01-19
944,Tejas Dalal,Jaipur,Rajasthan,2023-08-06
945,Ritvik Sandal,Hyderabad,Telangana,2024-12-09
946,Saanvi Bajwa,Chennai,Tamil Nadu,2024-04-05
947,Nayantara Chand,Ahmedabad,Gujarat,2025-05-17
948,Heer Mand,Pune,Maharashtra,2023-12-20
949,Aarav Khosla,Jaipur,Rajasthan,2023-06-29
950,Diya Chadha,Bengaluru,Karnataka,2023-07-06
951,Ivana Barad,Kolkata,West Bengal,2026-02-06
952,Ritvik Bhat,Hyderabad,Telangana,2024-11-09
953,Yuvraj  Lala,Hyderabad,Telangana,2025-11-20
954,Gatik Bansal,Ahmedabad,Gujarat,2024-11-24
955,Jivin Dugar,Pune,Maharashtra,2025-12-27
956,Shamik Batra,Delhi,Delhi,2025-07-01
957,Darshit Bera,Jaipur,Rajasthan,2025-10-10
958,Tushar Reddy,Mumbai,Maharashtra,2024-07-31
959,Hiran Virk,Delhi,Delhi,2025-03-11
960,Lavanya Bakshi,Hyderabad,Telangana,2023-08-22
961,Siya Gola,Hyderabad,Telangana,2024-09-23
962,Gokul Sabharwal,Surat,Gujarat,2023-10-24
963,Priyansh Barad,Ahmedabad,Gujarat,2024-06-25
964,Jayant Tak,Kolkata,West Bengal,2025-01-06
965,Taran Vig,Pune,Maharashtra,2024-05-31
966,Saksham Sama,Mumbai,Maharashtra,2024-10-02
967,Samaira Lalla,Delhi,Delhi,2026-02-11
968,Anika Sahni,Jaipur,Rajasthan,2023-06-19
969,Krish Dey,Ahmedabad,Gujarat,2025-02-13
970,Vedika Bobal,Jaipur,Rajasthan,2025-10-21
971,Manjari Balakrishnan,Chennai,Tamil Nadu,2025-06-19
972,Lakshay Handa,Surat,Gujarat,2025-01-12
973,Ojas Rattan,Pune,Maharashtra,2024-04-26
974,Aradhya Goyal,Surat,Gujarat,2024-09-27
975,Advika Ravel,Hyderabad,Telangana,2023-10-24
976,Yuvraj  Tak,Surat,Gujarat,2024-02-27
977,Trisha Lanka,Mumbai,Maharashtra,2024-04-04
978,Hunar Johal,Hyderabad,Telangana,2026-01-29
979,Nitara Ramesh,Delhi,Delhi,2026-05-06
980,Stuvan Savant,Jaipur,Rajasthan,2024-06-09
981,Mamooty Wali,Delhi,Delhi,2024-07-18
982,Veer Dar,Chennai,Tamil Nadu,2024-03-29
983,Advik Chahal,Hyderabad,Telangana,2026-04-15
984,Hansh Tella,Hyderabad,Telangana,2025-01-18
985,Arhaan Kalita,Pune,Maharashtra,2026-02-27
986,Damini Rama,Hyderabad,Telangana,2024-09-29
987,Shanaya Dada,Jaipur,Rajasthan,2023-12-25
988,Bhavin Lal,Mumbai,Maharashtra,2023-11-08
989,Aarav Hora,Chennai,Tamil Nadu,2024-06-25
990,Shray Deo,Pune,Maharashtra,2025-02-16
991,Heer Virk,Kolkata,West Bengal,2024-07-19
992,Emir Chaudhuri,Jaipur,Rajasthan,2025-11-29
993,Anika Mann,Mumbai,Maharashtra,2025-02-15
994,Hunar Tandon,Surat,Gujarat,2026-04-21
995,Kanav Sengupta,Delhi,Delhi,2025-12-14
996,Dhanuk Baria,Chennai,Tamil Nadu,2025-08-16
997,Vaibhav Balakrishnan,Bengaluru,Karnataka,2024-09-11
998,Vritika Bahri,Jaipur,Rajasthan,2024-06-20
999,Badal Barad,Delhi,Delhi,2024-11-30
1000,Abram Thakkar,Ahmedabad,Gujarat,2024-01-24
