order_item_id,order_id,product_id,quantity,sales_amount
1,5112,182,4,223740
2,5297,196,2,56304
3,6901,107,5,128635
4,5932,129,2,16710
5,5794,148,3,261825
6,5280,197,4,126156
7,6475,143,2,121756
8,6295,152,3,141537
9,6998,190,3,159552
10,5415,123,3,215736
11,5261,132,1,75177
12,6418,109,5,274205
13,5123,123,3,215736
14,5280,180,1,18781
15,6745,158,4,395892
16,5940,136,4,309740
17,5351,168,3,213987
18,5451,109,3,164523
19,6237,140,2,43412
20,6617,119,5,413455
21,6855,191,2,34022
22,6184,126,5,289405
23,6752,164,2,38898
24,5178,131,4,132028
25,6756,124,5,49840
26,6002,121,2,178778
27,6212,179,4,54956
28,6715,171,4,60804
29,5572,150,1,80482
30,6496,134,4,323548
31,6508,104,2,128966
32,5508,171,3,45603
33,5890,154,5,416725
34,5456,120,5,430875
35,6938,130,2,100262
36,6872,132,5,375885
37,6840,190,1,53184
38,5856,150,1,80482
39,5083,107,4,102908
40,6503,185,5,188330
41,5069,108,4,303784
42,6088,148,4,349100
43,5982,176,1,86097
44,5927,123,4,287648
45,5493,183,1,55379
46,6144,159,1,27318
47,6420,117,4,347292
48,6946,138,2,122472
49,5272,118,3,187611
50,5606,189,2,171036
51,6327,124,1,9968
52,5033,160,4,195812
53,6371,129,3,25065
54,5332,117,4,347292
55,6758,179,5,68695
56,6531,127,5,295765
57,5050,108,4,303784
58,5950,196,2,56304
59,6791,192,4,351480
60,5379,200,3,101559
61,6284,196,4,112608
62,6442,146,1,48049
63,6763,131,1,33007
64,5789,107,3,77181
65,6088,107,1,25727
66,5608,163,4,64380
67,6542,172,3,188391
68,6430,153,5,411905
69,6111,101,5,480820
70,6628,109,2,109682
71,6614,189,1,85518
72,6271,132,3,225531
73,6507,197,1,31539
74,6055,145,3,96273
75,6819,162,1,64156
76,5228,134,4,323548
77,5749,135,4,362156
78,6268,171,1,15201
79,5749,169,3,147933
80,5359,116,5,478460
81,6444,179,1,13739
82,6149,142,2,169492
83,5284,136,3,232305
84,5489,196,5,140760
85,5233,110,4,394436
86,6511,150,5,402410
87,6785,108,2,151892
88,6543,117,2,173646
89,5657,111,3,154812
90,6839,183,3,166137
91,6032,112,4,263692
92,5568,118,1,62537
93,5130,190,3,159552
94,5708,159,4,109272
95,5996,177,5,96600
96,6079,160,1,48953
97,5963,113,5,334180
98,6390,168,5,356645
99,6843,170,3,232857
100,5926,118,5,312685
101,5754,113,1,66836
102,5386,130,4,200524
103,5179,111,1,51604
104,5801,122,2,85010
105,5591,121,1,89389
106,5224,167,2,105434
107,5566,169,1,49311
108,6428,193,2,7598
109,6017,160,2,97906
110,6792,131,2,66014
111,6067,171,1,15201
112,5601,156,4,307860
113,6986,183,5,276895
114,6909,118,2,125074
115,5971,148,3,261825
116,5861,167,4,210868
117,6511,152,1,47179
118,5598,192,2,175740
119,5129,191,1,17011
120,6786,121,2,178778
121,6710,179,5,68695
122,6321,120,3,258525
123,5844,184,5,325695
124,5703,127,3,177459
125,5996,148,5,436375
126,6364,135,5,452695
127,6725,135,5,452695
128,5912,164,4,77796
129,5623,118,5,312685
130,5271,107,3,77181
131,5352,127,3,177459
132,5465,146,4,192196
133,5762,198,3,237348
134,6577,159,1,27318
135,5304,125,3,92451
136,5583,162,4,256624
137,6959,111,2,103208
138,6267,196,2,56304
139,6458,116,5,478460
140,5585,188,2,181746
141,6994,175,2,168566
142,6719,174,2,60030
143,5331,169,2,98622
144,5240,159,1,27318
145,5649,178,5,204465
146,5260,129,4,33420
147,5534,190,3,159552
148,5378,181,2,99258
149,6152,168,1,71329
150,6364,112,3,197769
151,5705,115,2,139874
152,5764,143,4,243512
153,6106,120,2,172350
154,6093,191,3,51033
155,5249,187,1,31947
156,5829,119,4,330764
157,6574,127,2,118306
158,6942,166,4,296192
159,6901,118,3,187611
160,5320,137,1,61443
161,6987,200,5,169265
162,6999,187,5,159735
163,5679,143,3,182634
164,5971,187,3,95841
165,6986,126,5,289405
166,6366,139,2,123962
167,6638,120,5,430875
168,6493,180,4,75124
169,5694,156,1,76965
170,6499,157,4,51252
171,6844,125,1,30817
172,5286,164,5,97245
173,5240,170,3,232857
174,5051,170,4,310476
175,6265,109,2,109682
176,5914,125,3,92451
177,5190,161,3,110160
178,5113,143,5,304390
179,6314,156,2,153930
180,6195,160,5,244765
181,5455,194,3,98775
182,5401,118,1,62537
183,5172,177,5,96600
184,6740,198,4,316464
185,6387,147,1,92655
186,6999,163,5,80475
187,5808,129,2,16710
188,6005,152,3,141537
189,6236,122,5,212525
190,6048,145,1,32091
191,6861,163,3,48285
192,5815,112,2,131846
193,6467,103,4,81904
194,5758,119,4,330764
195,5764,194,1,32925
196,5583,177,3,57960
197,5720,142,3,254238
198,5913,129,5,41775
199,5180,179,2,27478
200,6491,124,4,39872
201,6519,163,4,64380
202,6646,124,4,39872
203,5592,198,2,158232
204,6651,188,4,363492
205,6493,161,4,146880
206,5286,116,5,478460
207,6225,113,1,66836
208,5295,117,2,173646
209,5622,198,4,316464
210,6777,113,5,334180
211,5687,172,1,62797
212,6912,114,5,70770
213,6549,151,4,154048
214,5182,176,1,86097
215,5839,140,3,65118
216,5849,161,2,73440
217,6139,114,4,56616
218,6455,161,5,183600
219,6547,104,2,128966
220,5409,174,2,60030
221,6705,108,4,303784
222,5593,125,5,154085
223,6005,104,1,64483
224,6686,157,3,38439
225,6710,143,5,304390
226,5623,188,4,363492
227,6146,139,4,247924
228,5460,177,1,19320
229,6621,150,1,80482
230,5316,136,3,232305
231,5615,149,4,8244
232,5255,190,3,159552
233,5855,199,2,39928
234,6008,193,2,7598
235,5059,199,1,19964
236,6567,187,3,95841
237,6010,181,1,49629
238,6227,132,3,225531
239,6191,140,4,86824
240,6159,156,4,307860
241,6779,178,3,122679
242,6287,143,4,243512
243,6996,152,1,47179
244,5765,141,5,231465
245,6502,176,5,430485
246,5036,113,3,200508
247,5334,197,5,157695
248,5120,117,2,173646
249,5655,129,4,33420
250,6799,120,2,172350
251,5732,187,2,63894
252,5109,103,3,61428
253,5740,145,4,128364
254,6304,172,3,188391
255,5100,179,3,41217
256,5598,177,5,96600
257,6309,134,1,80887
258,6053,172,2,125594
259,6570,150,2,160964
260,6567,151,1,38512
261,6227,124,2,19936
262,6114,131,3,99021
263,6787,199,3,59892
264,6694,136,3,232305
265,5556,198,3,237348
266,5197,126,5,289405
267,6188,162,3,192468
268,6687,155,2,82984
269,5027,154,2,166690
270,6062,125,3,92451
271,5764,149,4,8244
272,5844,127,3,177459
273,6887,142,2,169492
274,5210,149,2,4122
275,5317,196,5,140760
276,5453,189,2,171036
277,6629,105,5,366700
278,6257,144,5,257110
279,6733,125,5,154085
280,6460,120,5,430875
281,6439,154,1,83345
282,5855,131,4,132028
283,6877,129,1,8355
284,5239,189,2,171036
285,6892,186,1,29477
286,5983,125,3,92451
287,5639,165,3,268941
288,5285,115,4,279748
289,6823,130,5,250655
290,6072,131,3,99021
291,5353,121,3,268167
292,5059,117,1,86823
293,5456,111,2,103208
294,6755,110,2,197218
295,6410,152,2,94358
296,5630,180,2,37562
297,5430,142,2,169492
298,5161,173,4,298336
299,6415,159,1,27318
300,5160,171,1,15201
301,6587,163,4,64380
302,6552,113,4,267344
303,5088,179,2,27478
304,5221,109,1,54841
305,6625,180,5,93905
306,6215,109,1,54841
307,5961,157,1,12813
308,6861,145,3,96273
309,5089,148,1,87275
310,5618,161,1,36720
311,6546,193,1,3799
312,6603,184,1,65139
313,6885,197,5,157695
314,5421,161,5,183600
315,6846,144,2,102844
316,5379,143,3,182634
317,5060,157,1,12813
318,5299,153,3,247143
319,6944,155,5,207460
320,5713,199,3,59892
321,5329,129,5,41775
322,6600,154,5,416725
323,5496,101,5,480820
324,6168,160,1,48953
325,5203,148,5,436375
326,6564,182,1,55935
327,6084,185,2,75332
328,6466,199,2,39928
329,6975,152,3,141537
330,5352,151,5,192560
331,5009,172,1,62797
332,6893,135,2,181078
333,6886,116,5,478460
334,6744,122,4,170020
335,5751,177,5,96600
336,5380,106,4,201764
337,6380,106,1,50441
338,5371,195,3,83688
339,5778,140,4,86824
340,5439,153,5,411905
341,5467,115,4,279748
342,5232,107,3,77181
343,5254,128,4,19176
344,5226,154,5,416725
345,5279,194,4,131700
346,6562,128,3,14382
347,6444,163,3,48285
348,6142,140,1,21706
349,5169,199,3,59892
350,6012,101,1,96164
351,5789,144,3,154266
352,5936,153,5,411905
353,6508,139,3,185943
354,6408,137,4,245772
355,5463,170,5,388095
356,5835,167,3,158151
357,6752,101,4,384656
358,5387,159,1,27318
359,6833,161,4,146880
360,6924,160,3,146859
361,5368,148,1,87275
362,6381,179,4,54956
363,6377,182,1,55935
364,5812,174,4,120060
365,6071,161,1,36720
366,5245,187,2,63894
367,5809,158,4,395892
368,6424,120,5,430875
369,5209,175,2,168566
370,5133,149,3,6183
371,6998,125,2,61634
372,5694,116,2,191384
373,6219,103,4,81904
374,5252,128,2,9588
375,6717,112,4,263692
376,6486,105,4,293360
377,5571,191,5,85055
378,6216,108,3,227838
379,6549,133,4,93120
380,5730,191,4,68044
381,6366,193,5,18995
382,6946,101,4,384656
383,5993,172,5,313985
384,5572,106,2,100882
385,6573,124,4,39872
386,5222,121,1,89389
387,5514,116,4,382768
388,6019,170,2,155238
389,6287,172,2,125594
390,5061,148,1,87275
391,6512,105,1,73340
392,6701,112,1,65923
393,6021,153,1,82381
394,6991,131,2,66014
395,5784,112,5,329615
396,6392,118,3,187611
397,5313,182,3,167805
398,6274,103,5,102380
399,5198,129,1,8355
400,6354,179,5,68695
401,6572,169,4,197244
402,6624,191,4,68044
403,5414,183,3,166137
404,6356,144,4,205688
405,6005,105,5,366700
406,5536,129,5,41775
407,5704,186,5,147385
408,6120,198,1,79116
409,6951,187,1,31947
410,5882,154,1,83345
411,5786,101,4,384656
412,5645,121,4,357556
413,5907,195,4,111584
414,5074,168,1,71329
415,5363,139,5,309905
416,6351,111,3,154812
417,6812,123,2,143824
418,6007,162,4,256624
419,5276,144,3,154266
420,6466,114,4,56616
421,5999,142,1,84746
422,6166,103,4,81904
423,6352,146,5,240245
424,6404,180,5,93905
425,6172,194,4,131700
426,5975,193,5,18995
427,6750,162,2,128312
428,6038,109,1,54841
429,5802,136,3,232305
430,6014,126,5,289405
431,6989,192,4,351480
432,6264,116,3,287076
433,6570,147,3,277965
434,5657,137,1,61443
435,5058,116,5,478460
436,5093,111,2,103208
437,6715,184,3,195417
438,5715,118,5,312685
439,5056,149,3,6183
440,5780,121,1,89389
441,5877,104,3,193449
442,5732,162,4,256624
443,5720,116,1,95692
444,6355,168,2,142658
445,5508,115,2,139874
446,6328,106,3,151323
447,6214,132,1,75177
448,6865,197,1,31539
449,6780,131,3,99021
450,5235,143,3,182634
451,5348,181,1,49629
452,6103,189,3,256554
453,5077,170,4,310476
454,6348,119,4,330764
455,6164,152,5,235895
456,6847,168,4,285316
457,5547,194,1,32925
458,6426,122,4,170020
459,6205,169,1,49311
460,5649,193,4,15196
461,6169,118,4,250148
462,5661,124,5,49840
463,5201,120,4,344700
464,5205,174,2,60030
465,5689,121,4,357556
466,6030,167,3,158151
467,5342,145,5,160455
468,5614,170,3,232857
469,6986,186,4,117908
470,5414,191,4,68044
471,6302,169,1,49311
472,6722,190,5,265920
473,5439,161,3,110160
474,5544,131,1,33007
475,5609,186,5,147385
476,5824,157,2,25626
477,6280,111,1,51604
478,6470,115,5,349685
479,5195,155,5,207460
480,5690,145,3,96273
481,5138,103,5,102380
482,6641,137,5,307215
483,5974,117,4,347292
484,5430,165,3,268941
485,6630,181,1,49629
486,6335,147,3,277965
487,6034,135,3,271617
488,5887,112,5,329615
489,5642,132,2,150354
490,5849,134,4,323548
491,5515,178,5,204465
492,6056,147,4,370620
493,6376,108,5,379730
494,5370,123,1,71912
495,6286,106,5,252205
496,6767,177,2,38640
497,6182,119,4,330764
498,5437,164,4,77796
499,5549,111,5,258020
500,6657,196,5,140760
501,6747,185,4,150664
502,6915,146,5,240245
503,6489,144,1,51422
504,6070,126,2,115762
505,5747,115,4,279748
506,5303,140,2,43412
507,5309,151,3,115536
508,6729,158,4,395892
509,5841,162,3,192468
510,6762,185,1,37666
511,6299,113,2,133672
512,6733,123,4,287648
513,5547,191,3,51033
514,6324,198,2,158232
515,5526,149,5,10305
516,5484,191,4,68044
517,5489,108,1,75946
518,5308,189,2,171036
519,5057,146,2,96098
520,6633,174,3,90045
521,5951,118,4,250148
522,6147,101,4,384656
523,5865,172,1,62797
524,5414,121,2,178778
525,5559,166,2,148096
526,5060,104,3,193449
527,6618,177,3,57960
528,6349,131,5,165035
529,5361,135,1,90539
530,6974,160,4,195812
531,6603,156,1,76965
532,5114,156,1,76965
533,5643,200,5,169265
534,5611,165,1,89647
535,6845,140,4,86824
536,6837,143,3,182634
537,6376,131,1,33007
538,5813,118,2,125074
539,5484,154,1,83345
540,6170,168,5,356645
541,6911,158,1,98973
542,6069,196,5,140760
543,6945,102,5,385055
544,5516,150,4,321928
545,6812,122,1,42505
546,5488,157,5,64065
547,5251,185,3,112998
548,5675,115,5,349685
549,6510,161,4,146880
550,6651,155,2,82984
551,6916,129,4,33420
552,5447,164,2,38898
553,5219,179,2,27478
554,5439,191,3,51033
555,5901,200,4,135412
556,5521,183,5,276895
557,5115,163,4,64380
558,6093,168,3,213987
559,6433,129,1,8355
560,5649,192,5,439350
561,5868,109,4,219364
562,6399,143,2,121756
563,6973,146,3,144147
564,6802,188,2,181746
565,5744,171,4,60804
566,6466,157,3,38439
567,6683,105,3,220020
568,5044,186,5,147385
569,5072,127,1,59153
570,6415,175,2,168566
571,5519,103,5,102380
572,5788,171,3,45603
573,6309,152,3,141537
574,6850,187,1,31947
575,6096,130,2,100262
576,6757,174,4,120060
577,5796,139,1,61981
578,6864,145,4,128364
579,6900,167,3,158151
580,5617,138,1,61236
581,6918,163,2,32190
582,5610,175,2,168566
583,6761,108,2,151892
584,6876,141,4,185172
585,6294,176,3,258291
586,6802,106,4,201764
587,6617,137,1,61443
588,5562,161,1,36720
589,6686,146,4,192196
590,5965,172,4,251188
591,6898,197,3,94617
592,6470,188,4,363492
593,6796,184,1,65139
594,6689,107,2,51454
595,6431,172,3,188391
596,6037,187,1,31947
597,5721,147,4,370620
598,6234,160,5,244765
599,6511,106,3,151323
600,5929,166,1,74048
601,6561,116,1,95692
602,6314,180,2,37562
603,6291,168,4,285316
604,6621,187,2,63894
605,5007,120,4,344700
606,5410,136,3,232305
607,5643,168,5,356645
608,5169,165,1,89647
609,5324,140,2,43412
610,6058,147,2,185310
611,6735,140,5,108530
612,6405,150,4,321928
613,6624,168,3,213987
614,5925,101,4,384656
615,6789,137,2,122886
616,5534,131,2,66014
617,6408,164,5,97245
618,6694,182,3,167805
619,6638,164,3,58347
620,5407,186,1,29477
621,5849,112,3,197769
622,5373,182,4,223740
623,6795,187,4,127788
624,6935,197,5,157695
625,5460,142,1,84746
626,6942,153,1,82381
627,6891,154,5,416725
628,6326,108,5,379730
629,6284,113,2,133672
630,6858,143,1,60878
631,6996,117,4,347292
632,5407,131,3,99021
633,6437,195,2,55792
634,5102,158,4,395892
635,6266,197,4,126156
636,6230,119,3,248073
637,5306,155,1,41492
638,6963,196,3,84456
639,5349,153,5,411905
640,5241,159,1,27318
641,6472,101,5,480820
642,5892,154,4,333380
643,6695,111,4,206416
644,5243,170,2,155238
645,6462,180,2,37562
646,5391,199,3,59892
647,5590,113,4,267344
648,5783,136,2,154870
649,5884,107,2,51454
650,6229,115,2,139874
651,6688,130,3,150393
652,6489,150,2,160964
653,5857,156,2,153930
654,5837,182,2,111870
655,5059,105,3,220020
656,7000,165,3,268941
657,5483,189,5,427590
658,5924,171,2,30402
659,5758,184,5,325695
660,6402,119,4,330764
661,5176,103,1,20476
662,5961,156,2,153930
663,6785,107,3,77181
664,6996,144,4,205688
665,6407,139,2,123962
666,6461,155,4,165968
667,6451,138,4,244944
668,6508,120,5,430875
669,5525,155,1,41492
670,5196,154,5,416725
671,5121,155,1,41492
672,5682,190,2,106368
673,5965,200,3,101559
674,6242,131,5,165035
675,6454,161,1,36720
676,5011,133,3,69840
677,6034,123,5,359560
678,5781,157,3,38439
679,5809,146,3,144147
680,5271,170,5,388095
681,5085,155,5,207460
682,5368,111,3,154812
683,5348,168,5,356645
684,6010,121,3,268167
685,6798,126,4,231524
686,5271,200,1,33853
687,5650,170,5,388095
688,5887,198,2,158232
689,5534,165,1,89647
690,5642,119,1,82691
691,5262,146,4,192196
692,6786,162,3,192468
693,6532,111,3,154812
694,6897,121,4,357556
695,5580,149,3,6183
696,6256,184,3,195417
697,6059,191,3,51033
698,5893,170,2,155238
699,5647,131,4,132028
700,6565,156,2,153930
701,6139,146,4,192196
702,5109,176,2,172194
703,5305,104,1,64483
704,5471,192,2,175740
705,5074,151,4,154048
706,5533,158,2,197946
707,6446,156,4,307860
708,5894,193,1,3799
709,6834,172,4,251188
710,5084,148,4,349100
711,5731,194,5,164625
712,5994,130,4,200524
713,6010,142,1,84746
714,6733,153,2,164762
715,5254,117,3,260469
716,5192,140,2,43412
717,6779,169,3,147933
718,5370,109,2,109682
719,6536,113,5,334180
720,6685,106,3,151323
721,6154,135,5,452695
722,5435,120,5,430875
723,6990,108,1,75946
724,6078,128,5,23970
725,5370,104,4,257932
726,6886,191,1,17011
727,5505,123,4,287648
728,6387,162,1,64156
729,6818,124,3,29904
730,5054,127,3,177459
731,6396,176,1,86097
732,5808,129,3,25065
733,6210,111,1,51604
734,6715,110,3,295827
735,5315,182,1,55935
736,5167,154,4,333380
737,6702,109,4,219364
738,5930,179,3,41217
739,6217,105,1,73340
740,5675,199,1,19964
741,6344,199,5,99820
742,6948,148,4,349100
743,5666,159,5,136590
744,5265,147,2,185310
745,6768,160,1,48953
746,6642,141,3,138879
747,5662,135,1,90539
748,6524,156,1,76965
749,6121,155,5,207460
750,5782,115,1,69937
751,5817,194,3,98775
752,5365,172,2,125594
753,6977,158,4,395892
754,5183,200,1,33853
755,6746,110,2,197218
756,5334,181,4,198516
757,6597,113,4,267344
758,5584,102,2,154022
759,5247,109,3,164523
760,6006,135,4,362156
761,6508,108,3,227838
762,6851,196,5,140760
763,5269,110,3,295827
764,6363,182,1,55935
765,6705,184,3,195417
766,6050,111,2,103208
767,6003,128,4,19176
768,6814,199,4,79856
769,5976,102,3,231033
770,6154,112,5,329615
771,5867,151,1,38512
772,6550,198,4,316464
773,6661,129,3,25065
774,6258,157,2,25626
775,5890,189,4,342072
776,5191,137,1,61443
777,6052,176,3,258291
778,6994,107,4,102908
779,6386,159,2,54636
780,6327,117,2,173646
781,6907,106,4,201764
782,6080,106,5,252205
783,5172,174,3,90045
784,5959,163,4,64380
785,5163,108,4,303784
786,5616,117,2,173646
787,5262,165,3,268941
788,6724,188,2,181746
789,6072,187,4,127788
790,5606,161,5,183600
791,5098,129,5,41775
792,5157,123,1,71912
793,6052,124,1,9968
794,6046,132,4,300708
795,5846,162,1,64156
796,5952,191,5,85055
797,6665,191,3,51033
798,5728,180,3,56343
799,6200,105,1,73340
800,6575,129,5,41775
801,5034,156,1,76965
802,6517,164,4,77796
803,5368,192,2,175740
804,6727,181,4,198516
805,5093,112,1,65923
806,5853,171,3,45603
807,5643,178,5,204465
808,6483,111,4,206416
809,6552,132,4,300708
810,6278,184,3,195417
811,5700,177,2,38640
812,5433,135,2,181078
813,5161,145,5,160455
814,5532,150,1,80482
815,5889,103,5,102380
816,5037,134,1,80887
817,5809,177,1,19320
818,5028,181,2,99258
819,6344,164,4,77796
820,5943,174,4,120060
821,6780,109,5,274205
822,6487,193,4,15196
823,5621,191,5,85055
824,6666,123,5,359560
825,5739,184,4,260556
826,6648,110,3,295827
827,5180,120,2,172350
828,5277,146,1,48049
829,5391,182,1,55935
830,6672,173,1,74584
831,6426,169,2,98622
832,6760,114,1,14154
833,5429,141,4,185172
834,6329,123,2,143824
835,6331,149,2,4122
836,5893,151,5,192560
837,5391,199,1,19964
838,5617,124,4,39872
839,5304,162,4,256624
840,5865,118,1,62537
841,5239,130,2,100262
842,6849,101,2,192328
843,6514,194,4,131700
844,6974,139,4,247924
845,5966,148,1,87275
846,6761,113,4,267344
847,6199,151,2,77024
848,5413,198,3,237348
849,6167,162,4,256624
850,5105,105,3,220020
851,5017,175,1,84283
852,6292,150,4,321928
853,5852,123,4,287648
854,6510,156,5,384825
855,6221,161,5,183600
856,5596,155,1,41492
857,5999,107,4,102908
858,5996,154,5,416725
859,6211,193,5,18995
860,6916,140,4,86824
861,5475,197,1,31539
862,6082,130,1,50131
863,5865,133,5,116400
864,5647,109,5,274205
865,5131,110,3,295827
866,6829,179,4,54956
867,6821,172,4,251188
868,5240,164,4,77796
869,6276,161,3,110160
870,5919,157,4,51252
871,5043,183,2,110758
872,5590,122,2,85010
873,5962,134,3,242661
874,5898,147,2,185310
875,6040,140,2,43412
876,6204,155,3,124476
877,6888,193,5,18995
878,6748,179,4,54956
879,5269,109,3,164523
880,6481,176,4,344388
881,6966,136,4,309740
882,6707,145,3,96273
883,6631,184,4,260556
884,6638,109,2,109682
885,6274,116,2,191384
886,5579,106,1,50441
887,6367,102,4,308044
888,5265,152,2,94358
889,5409,157,2,25626
890,6241,138,4,244944
891,5207,200,4,135412
892,6932,153,4,329524
893,5622,134,2,161774
894,5429,138,5,306180
895,5097,196,1,28152
896,5735,159,3,81954
897,5732,179,2,27478
898,5358,152,5,235895
899,5066,133,1,23280
900,5692,187,4,127788
901,5234,109,5,274205
902,5465,197,1,31539
903,6151,113,2,133672
904,5997,176,3,258291
905,5697,142,3,254238
906,6576,145,1,32091
907,6578,144,5,257110
908,5548,160,2,97906
909,6748,134,5,404435
910,6238,163,1,16095
911,6447,108,1,75946
912,6898,181,4,198516
913,6637,188,4,363492
914,6972,169,1,49311
915,6997,107,1,25727
916,6601,158,5,494865
917,6249,129,1,8355
918,6687,151,5,192560
919,5086,168,5,356645
920,5216,152,2,94358
921,6291,110,1,98609
922,6784,196,2,56304
923,6866,186,3,88431
924,5322,106,3,151323
925,6451,118,4,250148
926,6561,182,5,279675
927,6021,102,1,77011
928,5316,108,3,227838
929,5686,147,2,185310
930,5252,149,2,4122
931,5900,176,4,344388
932,6576,103,1,20476
933,5503,138,4,244944
934,5700,140,3,65118
935,6035,176,2,172194
936,5175,188,3,272619
937,5763,129,4,33420
938,5739,106,2,100882
939,5311,113,5,334180
940,5864,138,2,122472
941,5283,141,4,185172
942,5847,136,4,309740
943,6840,152,4,188716
944,6950,152,5,235895
945,6628,121,3,268167
946,6933,138,1,61236
947,5907,136,2,154870
948,6578,144,1,51422
949,6470,158,5,494865
950,6933,189,1,85518
951,5174,188,3,272619
952,5645,112,4,263692
953,6582,125,2,61634
954,5889,145,1,32091
955,5806,180,1,18781
956,6353,194,2,65850
957,6849,132,5,375885
958,5119,186,5,147385
959,6993,166,3,222144
960,5859,194,4,131700
961,6815,197,5,157695
962,6790,147,3,277965
963,6478,172,3,188391
964,6863,165,3,268941
965,5017,141,3,138879
966,6844,179,5,68695
967,6251,158,2,197946
968,6435,106,4,201764
969,5914,115,2,139874
970,6818,104,5,322415
971,6279,192,5,439350
972,6336,131,4,132028
973,6429,150,3,241446
974,6818,189,4,342072
975,6589,186,2,58954
976,6805,106,3,151323
977,5173,170,1,77619
978,6101,184,3,195417
979,5799,129,2,16710
980,6066,115,5,349685
981,5582,184,2,130278
982,5191,148,5,436375
983,6131,108,3,227838
984,6068,157,3,38439
985,6551,177,2,38640
986,5048,111,1,51604
987,6824,133,5,116400
988,6214,188,3,272619
989,5495,105,3,220020
990,6488,171,4,60804
991,6035,181,1,49629
992,6500,192,1,87870
993,6724,164,3,58347
994,5532,184,5,325695
995,5726,174,1,30015
996,5098,143,1,60878
997,5920,198,3,237348
998,6173,177,1,19320
999,5929,101,3,288492
1000,5484,128,5,23970
1001,6159,162,5,320780
1002,6730,172,5,313985
1003,5479,121,3,268167
1004,5613,180,3,56343
1005,6366,114,5,70770
1006,6378,138,2,122472
1007,6463,148,4,349100
1008,6065,163,2,32190
1009,5216,156,3,230895
1010,6058,192,5,439350
1011,5395,156,3,230895
1012,5931,200,1,33853
1013,5301,126,4,231524
1014,6697,180,4,75124
1015,5168,194,1,32925
1016,5128,152,4,188716
1017,6820,169,2,98622
1018,5976,129,2,16710
1019,5914,191,1,17011
1020,5757,132,5,375885
1021,5825,171,5,76005
1022,6145,128,5,23970
1023,6596,138,4,244944
1024,6786,157,3,38439
1025,6197,137,4,245772
1026,6304,132,4,300708
1027,5902,137,4,245772
1028,6499,150,4,321928
1029,6688,114,2,28308
1030,5296,106,5,252205
1031,5261,198,4,316464
1032,6457,160,4,195812
1033,5265,189,5,427590
1034,6768,181,5,248145
1035,5242,139,2,123962
1036,5933,135,4,362156
1037,5067,200,2,67706
1038,6934,169,5,246555
1039,5757,166,1,74048
1040,6233,153,4,329524
1041,5226,109,1,54841
1042,5757,144,5,257110
1043,5594,184,1,65139
1044,6071,130,2,100262
1045,5242,178,3,122679
1046,5625,141,3,138879
1047,5622,107,3,77181
1048,5996,194,1,32925
1049,6621,151,2,77024
1050,5292,176,5,430485
1051,5864,185,1,37666
1052,6919,200,3,101559
1053,6821,105,3,220020
1054,5442,167,2,105434
1055,6678,159,4,109272
1056,5005,167,1,52717
1057,6122,163,3,48285
1058,5139,136,1,77435
1059,5856,162,4,256624
1060,6174,191,3,51033
1061,6159,164,4,77796
1062,6844,133,3,69840
1063,6601,167,4,210868
1064,5974,200,5,169265
1065,5272,118,2,125074
1066,6034,105,4,293360
1067,6560,155,4,165968
1068,6367,129,4,33420
1069,5306,151,3,115536
1070,5183,189,5,427590
1071,6361,103,5,102380
1072,5839,191,4,68044
1073,5477,162,4,256624
1074,5695,118,5,312685
1075,5094,124,4,39872
1076,6508,174,3,90045
1077,6323,187,1,31947
1078,6774,115,2,139874
1079,6449,163,1,16095
1080,6172,172,3,188391
1081,6150,143,1,60878
1082,6319,191,5,85055
1083,5175,107,2,51454
1084,6957,102,5,385055
1085,6110,106,5,252205
1086,6552,132,1,75177
1087,6961,143,5,304390
1088,6069,195,2,55792
1089,6538,133,4,93120
1090,6030,137,1,61443
1091,5247,149,5,10305
1092,5369,192,1,87870
1093,5564,135,2,181078
1094,5503,157,5,64065
1095,5910,130,1,50131
1096,6653,179,5,68695
1097,6243,117,3,260469
1098,5823,171,5,76005
1099,5093,145,4,128364
1100,6766,122,1,42505
1101,5697,151,4,154048
1102,5370,171,4,60804
1103,5050,165,5,448235
1104,5650,169,4,197244
1105,5527,135,1,90539
1106,5235,171,1,15201
1107,6110,144,2,102844
1108,5585,180,2,37562
1109,5375,163,3,48285
1110,6574,116,1,95692
1111,5316,106,3,151323
1112,6951,183,4,221516
1113,6390,109,2,109682
1114,5121,164,5,97245
1115,6969,129,3,25065
1116,5372,179,1,13739
1117,6461,132,1,75177
1118,5611,144,4,205688
1119,5203,120,3,258525
1120,5292,101,4,384656
1121,6829,119,3,248073
1122,5529,121,4,357556
1123,6929,191,1,17011
1124,5107,121,2,178778
1125,5491,120,5,430875
1126,6201,182,2,111870
1127,6010,153,5,411905
1128,6541,142,5,423730
1129,5789,105,1,73340
1130,5552,136,1,77435
1131,5652,161,4,146880
1132,6133,113,4,267344
1133,5135,185,4,150664
1134,5060,196,4,112608
1135,6298,122,2,85010
1136,6872,139,1,61981
1137,5552,150,5,402410
1138,6974,197,5,157695
1139,6383,110,1,98609
1140,5505,113,5,334180
1141,6335,127,2,118306
1142,5624,118,5,312685
1143,5834,180,4,75124
1144,5172,116,5,478460
1145,5417,145,2,64182
1146,5765,151,5,192560
1147,5345,114,2,28308
1148,6101,189,4,342072
1149,6969,134,5,404435
1150,5926,129,1,8355
1151,5003,196,4,112608
1152,6969,195,5,139480
1153,5593,116,2,191384
1154,5002,114,1,14154
1155,6912,108,4,303784
1156,5560,102,5,385055
1157,5514,187,4,127788
1158,5720,117,2,173646
1159,6199,157,5,64065
1160,5577,176,1,86097
1161,5331,132,5,375885
1162,6154,140,1,21706
1163,5616,178,1,40893
1164,5810,124,1,9968
1165,6701,137,2,122886
1166,6485,185,5,188330
1167,5573,140,4,86824
1168,5432,110,5,493045
1169,6034,127,3,177459
1170,6811,158,3,296919
1171,6301,175,3,252849
1172,6542,115,4,279748
1173,5560,165,2,179294
1174,6357,192,3,263610
1175,5700,114,2,28308
1176,5942,170,5,388095
1177,5673,176,1,86097
1178,6872,164,2,38898
1179,6324,197,1,31539
1180,6247,176,4,344388
1181,5009,154,1,83345
1182,6378,185,2,75332
1183,5847,146,5,240245
1184,6834,153,4,329524
1185,6562,161,4,146880
1186,6103,123,1,71912
1187,6613,149,1,2061
1188,6104,187,1,31947
1189,6828,188,4,363492
1190,6377,121,1,89389
1191,5723,185,4,150664
1192,6695,175,5,421415
1193,5734,125,4,123268
1194,5363,113,1,66836
1195,5256,159,4,109272
1196,5759,177,2,38640
1197,5911,161,1,36720
1198,5454,115,1,69937
1199,6554,145,3,96273
1200,6394,118,3,187611
1201,5393,146,1,48049
1202,6672,161,5,183600
1203,6281,130,3,150393
1204,6656,155,2,82984
1205,5480,143,4,243512
1206,6982,104,3,193449
1207,5076,111,3,154812
1208,6010,117,5,434115
1209,5429,198,1,79116
1210,5402,154,4,333380
1211,5228,176,3,258291
1212,6166,173,5,372920
1213,6012,194,2,65850
1214,6131,122,2,85010
1215,6352,134,5,404435
1216,6377,155,5,207460
1217,6158,199,2,39928
1218,5134,107,5,128635
1219,5263,155,1,41492
1220,5261,109,3,164523
1221,6912,104,5,322415
1222,6753,199,2,39928
1223,6805,192,5,439350
1224,6493,139,3,185943
1225,5393,200,1,33853
1226,6987,189,5,427590
1227,6259,141,3,138879
1228,6395,163,5,80475
1229,6809,102,4,308044
1230,5005,144,4,205688
1231,6313,198,1,79116
1232,6749,176,3,258291
1233,5886,126,4,231524
1234,5562,130,1,50131
1235,6393,115,5,349685
1236,5956,106,4,201764
1237,5741,198,5,395580
1238,6555,188,1,90873
1239,6811,166,2,148096
1240,5097,153,3,247143
1241,6881,142,4,338984
1242,6091,129,4,33420
1243,5648,163,1,16095
1244,5803,145,2,64182
1245,5686,179,1,13739
1246,6803,138,5,306180
1247,6655,121,1,89389
1248,6511,183,2,110758
1249,6413,121,4,357556
1250,6962,127,1,59153
1251,6879,126,2,115762
1252,5404,188,2,181746
1253,5675,126,3,173643
1254,5129,166,1,74048
1255,5058,114,4,56616
1256,5885,160,1,48953
1257,6214,104,3,193449
1258,6722,103,3,61428
1259,5507,112,1,65923
1260,5970,186,2,58954
1261,6964,129,3,25065
1262,6705,106,1,50441
1263,6683,140,3,65118
1264,6065,102,2,154022
1265,6933,183,1,55379
1266,6589,155,5,207460
1267,6269,122,4,170020
1268,6565,122,1,42505
1269,6281,189,4,342072
1270,6186,189,1,85518
1271,5176,148,1,87275
1272,6878,117,1,86823
1273,5773,145,3,96273
1274,6823,142,1,84746
1275,6603,135,2,181078
1276,5127,158,4,395892
1277,5113,106,3,151323
1278,6251,167,4,210868
1279,5135,161,1,36720
1280,6388,142,1,84746
1281,6146,152,1,47179
1282,5604,147,4,370620
1283,5823,177,1,19320
1284,6265,181,4,198516
1285,5478,200,5,169265
1286,6613,187,5,159735
1287,5022,191,4,68044
1288,5787,115,4,279748
1289,6629,195,4,111584
1290,6803,118,5,312685
1291,6269,200,1,33853
1292,5696,123,1,71912
1293,5930,128,5,23970
1294,5673,152,5,235895
1295,5395,175,1,84283
1296,5211,162,1,64156
1297,6219,129,1,8355
1298,6215,184,2,130278
1299,6853,181,5,248145
1300,5259,101,5,480820
1301,5525,163,3,48285
1302,5863,154,4,333380
1303,6485,150,5,402410
1304,5911,101,2,192328
1305,5498,151,2,77024
1306,6633,119,1,82691
1307,5124,118,2,125074
1308,5639,118,5,312685
1309,5893,137,5,307215
1310,6966,113,3,200508
1311,5638,186,5,147385
1312,6813,134,5,404435
1313,6589,140,2,43412
1314,5302,169,4,197244
1315,5633,172,5,313985
1316,5703,104,3,193449
1317,5756,131,1,33007
1318,6061,170,5,388095
1319,6347,172,2,125594
1320,5118,106,2,100882
1321,6039,168,5,356645
1322,6759,139,1,61981
1323,5865,186,3,88431
1324,5401,113,2,133672
1325,6312,182,2,111870
1326,6609,196,1,28152
1327,5700,118,2,125074
1328,6368,116,4,382768
1329,6423,171,4,60804
1330,6229,106,3,151323
1331,6745,102,5,385055
1332,6160,193,3,11397
1333,6262,161,3,110160
1334,5858,148,3,261825
1335,5333,108,1,75946
1336,5931,131,1,33007
1337,6016,134,2,161774
1338,6885,103,1,20476
1339,6309,136,2,154870
1340,6420,143,2,121756
1341,5956,131,5,165035
1342,5437,131,2,66014
1343,5985,198,3,237348
1344,6654,104,4,257932
1345,5421,190,4,212736
1346,5378,150,1,80482
1347,5744,193,1,3799
1348,5152,126,3,173643
1349,5062,101,5,480820
1350,5236,163,2,32190
1351,5596,160,4,195812
1352,5399,182,5,279675
1353,6870,149,3,6183
1354,5090,171,1,15201
1355,5408,192,2,175740
1356,5582,169,2,98622
1357,5449,112,3,197769
1358,6473,111,2,103208
1359,5696,175,5,421415
1360,5504,134,2,161774
1361,5402,136,1,77435
1362,5361,147,3,277965
1363,6866,153,1,82381
1364,5043,147,2,185310
1365,5777,130,1,50131
1366,5694,160,2,97906
1367,5625,144,4,205688
1368,5492,181,3,148887
1369,6658,156,3,230895
1370,6354,109,2,109682
1371,6928,104,5,322415
1372,6637,113,5,334180
1373,6806,113,4,267344
1374,6799,176,1,86097
1375,5243,123,2,143824
1376,6808,198,2,158232
1377,6628,191,2,34022
1378,5393,162,5,320780
1379,5775,152,3,141537
1380,5652,123,5,359560
1381,5880,178,2,81786
1382,6887,200,1,33853
1383,6563,181,5,248145
1384,6203,107,2,51454
1385,6750,163,5,80475
1386,5603,120,2,172350
1387,5672,121,2,178778
1388,5110,117,3,260469
1389,6788,175,2,168566
1390,6744,128,5,23970
1391,6984,121,5,446945
1392,6815,177,4,77280
1393,5429,139,1,61981
1394,6607,127,4,236612
1395,6620,142,5,423730
1396,5133,200,2,67706
1397,6042,140,4,86824
1398,6539,165,5,448235
1399,5767,175,4,337132
1400,6063,158,4,395892
1401,5367,192,3,263610
1402,6460,173,3,223752
1403,6077,191,4,68044
1404,6466,136,4,309740
1405,5971,123,3,215736
1406,6191,164,4,77796
1407,6307,122,5,212525
1408,6331,148,1,87275
1409,5425,195,2,55792
1410,6833,161,2,73440
1411,5926,167,2,105434
1412,5811,134,2,161774
1413,5627,149,4,8244
1414,6821,154,4,333380
1415,6171,123,2,143824
1416,6916,138,3,183708
1417,5522,113,5,334180
1418,5174,159,2,54636
1419,6540,119,1,82691
1420,5605,151,4,154048
1421,6063,166,3,222144
1422,5472,199,5,99820
1423,5085,112,4,263692
1424,6050,131,5,165035
1425,5689,162,4,256624
1426,5924,150,4,321928
1427,5886,182,4,223740
1428,5753,144,4,205688
1429,5650,124,3,29904
1430,5784,170,1,77619
1431,5368,141,4,185172
1432,5479,199,3,59892
1433,6322,121,1,89389
1434,5736,122,1,42505
1435,5604,162,5,320780
1436,6051,116,5,478460
1437,6319,137,1,61443
1438,6610,104,3,193449
1439,6898,187,2,63894
1440,5202,132,1,75177
1441,5147,162,3,192468
1442,5079,166,5,370240
1443,5411,135,3,271617
1444,5403,183,3,166137
1445,5513,183,3,166137
1446,6527,177,3,57960
1447,5391,150,5,402410
1448,5283,157,5,64065
1449,6869,158,3,296919
1450,5018,178,3,122679
1451,5578,174,3,90045
1452,6604,114,4,56616
1453,6938,104,4,257932
1454,6684,168,5,356645
1455,6552,103,1,20476
1456,5967,178,5,204465
1457,6559,160,2,97906
1458,6773,108,4,303784
1459,5467,141,2,92586
1460,6482,141,2,92586
1461,5972,179,2,27478
1462,6057,148,5,436375
1463,6610,146,5,240245
1464,6552,145,4,128364
1465,6480,157,4,51252
1466,5698,145,1,32091
1467,5642,124,2,19936
1468,5879,147,4,370620
1469,5430,165,4,358588
1470,5922,183,5,276895
1471,5062,177,3,57960
1472,5285,175,5,421415
1473,6790,176,2,172194
1474,5626,119,1,82691
1475,6024,168,3,213987
1476,5696,151,2,77024
1477,5859,150,4,321928
1478,6405,180,4,75124
1479,6563,123,5,359560
1480,5614,143,3,182634
1481,6203,144,1,51422
1482,6163,155,1,41492
1483,6889,127,2,118306
1484,5315,109,3,164523
1485,6164,116,5,478460
1486,6872,153,5,411905
1487,6176,149,4,8244
1488,5781,128,2,9588
1489,6943,150,4,321928
1490,5131,146,5,240245
1491,5792,104,2,128966
1492,5973,181,1,49629
1493,5674,129,5,41775
1494,6971,177,4,77280
1495,6309,169,3,147933
1496,5191,104,2,128966
1497,5214,179,5,68695
1498,5364,196,1,28152
1499,6693,118,5,312685
1500,6001,144,1,51422
1501,5383,152,2,94358
1502,5143,198,4,316464
1503,5582,148,2,174550
1504,5478,177,3,57960
1505,6351,130,5,250655
1506,5144,124,4,39872
1507,5118,106,3,151323
1508,6062,168,1,71329
1509,5352,197,3,94617
1510,6761,105,4,293360
1511,5801,145,2,64182
1512,5227,200,2,67706
1513,6099,151,4,154048
1514,5980,116,1,95692
1515,5797,171,2,30402
1516,5267,185,2,75332
1517,5635,118,4,250148
1518,6676,138,4,244944
1519,5326,165,5,448235
1520,6178,140,3,65118
1521,6204,194,2,65850
1522,6030,124,4,39872
1523,5565,120,2,172350
1524,5016,177,2,38640
1525,5913,105,1,73340
1526,6689,161,4,146880
1527,6239,131,2,66014
1528,6077,167,3,158151
1529,6865,178,5,204465
1530,6801,133,4,93120
1531,5943,142,4,338984
1532,6180,187,1,31947
1533,6510,190,1,53184
1534,5590,165,4,358588
1535,5711,146,3,144147
1536,5801,101,5,480820
1537,6687,142,2,169492
1538,5851,194,2,65850
1539,5368,125,5,154085
1540,6502,197,4,126156
1541,5938,135,4,362156
1542,6866,114,2,28308
1543,6431,115,5,349685
1544,5196,161,4,146880
1545,6431,183,1,55379
1546,5491,187,2,63894
1547,5561,168,5,356645
1548,5598,149,1,2061
1549,6430,186,2,58954
1550,6862,193,4,15196
1551,5843,169,5,246555
1552,5249,184,3,195417
1553,5157,150,1,80482
1554,6034,104,3,193449
1555,5840,106,4,201764
1556,5338,133,3,69840
1557,5425,118,5,312685
1558,5092,149,4,8244
1559,5055,186,1,29477
1560,6309,174,4,120060
1561,5781,178,3,122679
1562,6528,129,4,33420
1563,6753,181,2,99258
1564,5813,109,1,54841
1565,5022,181,3,148887
1566,5235,105,2,146680
1567,5670,157,4,51252
1568,5993,143,4,243512
1569,5140,127,1,59153
1570,6124,155,2,82984
1571,6462,105,4,293360
1572,5288,147,4,370620
1573,6681,155,3,124476
1574,6724,105,2,146680
1575,5350,159,1,27318
1576,6244,193,1,3799
1577,5363,101,3,288492
1578,5255,156,5,384825
1579,6519,148,4,349100
1580,5345,121,1,89389
1581,6376,154,1,83345
1582,6388,152,3,141537
1583,5315,150,4,321928
1584,5734,114,2,28308
1585,5444,198,1,79116
1586,6829,159,5,136590
1587,5443,154,4,333380
1588,6427,140,1,21706
1589,6714,189,5,427590
1590,6313,141,1,46293
1591,5800,112,3,197769
1592,5910,186,1,29477
1593,6226,149,1,2061
1594,5100,153,4,329524
1595,6572,153,2,164762
1596,6903,194,2,65850
1597,5768,155,2,82984
1598,5410,157,1,12813
1599,5033,143,4,243512
1600,5058,184,1,65139
1601,5691,164,2,38898
1602,6393,124,1,9968
1603,5452,147,1,92655
1604,6633,152,2,94358
1605,6483,147,2,185310
1606,5091,169,4,197244
1607,6050,177,1,19320
1608,6671,110,3,295827
1609,5661,177,5,96600
1610,6284,199,2,39928
1611,6280,104,2,128966
1612,6914,164,5,97245
1613,5810,135,4,362156
1614,5248,157,2,25626
1615,5438,148,1,87275
1616,5731,149,3,6183
1617,5356,147,1,92655
1618,5824,129,3,25065
1619,5025,107,4,102908
1620,5436,137,4,245772
1621,5451,179,1,13739
1622,6348,195,3,83688
1623,6332,150,5,402410
1624,5756,194,1,32925
1625,5138,163,2,32190
1626,5842,188,3,272619
1627,6572,186,5,147385
1628,6024,118,1,62537
1629,6460,109,5,274205
1630,6621,140,5,108530
1631,5352,141,3,138879
1632,6965,123,1,71912
1633,6229,140,3,65118
1634,6293,163,4,64380
1635,6389,178,2,81786
1636,5681,112,2,131846
1637,6302,134,3,242661
1638,6744,110,4,394436
1639,5139,180,3,56343
1640,5037,161,5,183600
1641,6868,194,5,164625
1642,5920,191,4,68044
1643,6047,139,2,123962
1644,6032,142,5,423730
1645,6444,200,1,33853
1646,5477,137,1,61443
1647,6263,182,1,55935
1648,5633,151,2,77024
1649,6512,114,4,56616
1650,6551,117,2,173646
1651,6270,200,1,33853
1652,5123,141,2,92586
1653,5768,184,4,260556
1654,5608,164,2,38898
1655,5311,195,4,111584
1656,5419,189,1,85518
1657,5488,132,5,375885
1658,6938,188,4,363492
1659,6514,180,3,56343
1660,5275,167,3,158151
1661,5651,137,1,61443
1662,6067,197,4,126156
1663,6328,113,3,200508
1664,6538,164,1,19449
1665,5470,189,3,256554
1666,5702,112,2,131846
1667,5422,136,5,387175
1668,5111,132,2,150354
1669,6642,139,2,123962
1670,6246,197,4,126156
1671,6068,154,3,250035
1672,5376,119,4,330764
1673,6290,161,1,36720
1674,5133,149,4,8244
1675,5144,101,2,192328
1676,5107,139,2,123962
1677,6922,131,2,66014
1678,5258,200,1,33853
1679,5356,126,5,289405
1680,6125,141,2,92586
1681,5484,171,5,76005
1682,5161,178,4,163572
1683,6485,157,4,51252
1684,5638,160,2,97906
1685,6478,188,2,181746
1686,5502,144,4,205688
1687,5362,182,5,279675
1688,5510,107,3,77181
1689,5585,182,5,279675
1690,5919,192,2,175740
1691,5557,113,4,267344
1692,5164,184,3,195417
1693,5816,118,4,250148
1694,5344,135,4,362156
1695,5904,169,4,197244
1696,6035,197,5,157695
1697,6506,133,4,93120
1698,6558,194,2,65850
1699,6679,191,4,68044
1700,5041,130,4,200524
1701,5876,193,1,3799
1702,6555,143,3,182634
1703,6219,180,5,93905
1704,5313,181,5,248145
1705,6489,171,2,30402
1706,5527,121,4,357556
1707,5950,101,3,288492
1708,5929,104,3,193449
1709,5769,101,5,480820
1710,6242,174,4,120060
1711,5148,137,3,184329
1712,5280,173,4,298336
1713,5401,119,2,165382
1714,6877,174,2,60030
1715,5009,165,1,89647
1716,6765,115,5,349685
1717,6496,147,3,277965
1718,6007,141,4,185172
1719,6896,198,4,316464
1720,6926,101,4,384656
1721,6988,187,3,95841
1722,5787,143,4,243512
1723,5631,126,5,289405
1724,5146,183,4,221516
1725,6813,158,1,98973
1726,6888,145,1,32091
1727,5789,144,5,257110
1728,5333,171,2,30402
1729,6563,137,4,245772
1730,6961,174,3,90045
1731,6580,128,3,14382
1732,6044,181,4,198516
1733,6301,164,3,58347
1734,6427,128,1,4794
1735,6334,147,4,370620
1736,6898,160,4,195812
1737,6507,123,2,143824
1738,5497,156,4,307860
1739,5071,129,3,25065
1740,6293,135,1,90539
1741,6429,197,2,63078
1742,5536,129,5,41775
1743,5933,120,2,172350
1744,5521,144,2,102844
1745,6234,162,5,320780
1746,6950,160,2,97906
1747,5026,135,1,90539
1748,6579,164,1,19449
1749,6320,192,4,351480
1750,5815,119,5,413455
1751,6996,137,1,61443
1752,6062,180,2,37562
1753,6795,109,4,219364
1754,5340,139,4,247924
1755,5518,110,3,295827
1756,6026,116,5,478460
1757,6349,126,4,231524
1758,6201,193,3,11397
1759,6504,118,4,250148
1760,6542,193,1,3799
1761,5224,109,5,274205
1762,6591,103,3,61428
1763,6668,126,2,115762
1764,5551,111,2,103208
1765,6905,130,4,200524
1766,6432,109,3,164523
1767,5014,103,2,40952
1768,6672,115,4,279748
1769,5004,115,1,69937
1770,5144,129,4,33420
1771,6076,123,4,287648
1772,6341,139,3,185943
1773,6502,190,4,212736
1774,5350,117,2,173646
1775,5768,171,2,30402
1776,6442,159,2,54636
1777,5406,160,4,195812
1778,5373,160,5,244765
1779,6943,106,1,50441
1780,5923,197,5,157695
1781,6668,186,2,58954
1782,5381,182,2,111870
1783,5121,173,2,149168
1784,6658,174,2,60030
1785,5532,136,4,309740
1786,5903,166,5,370240
1787,5224,151,2,77024
1788,5164,174,3,90045
1789,5176,163,4,64380
1790,5256,141,3,138879
1791,5132,162,3,192468
1792,5061,173,5,372920
1793,5481,174,4,120060
1794,5994,115,1,69937
1795,5020,114,1,14154
1796,5545,193,1,3799
1797,6363,199,5,99820
1798,6617,162,1,64156
1799,5199,139,2,123962
1800,6070,182,1,55935
1801,5770,163,5,80475
1802,6066,134,3,242661
1803,6909,179,4,54956
1804,5970,121,3,268167
1805,6238,172,4,251188
1806,5690,170,3,232857
1807,6397,163,3,48285
1808,5646,143,2,121756
1809,6928,184,3,195417
1810,6363,101,4,384656
1811,5776,132,5,375885
1812,5118,139,3,185943
1813,6789,136,3,232305
1814,6652,134,1,80887
1815,5007,101,4,384656
1816,6783,179,4,54956
1817,6486,181,2,99258
1818,5053,198,5,395580
1819,5252,175,5,421415
1820,5573,176,2,172194
1821,5755,178,4,163572
1822,6267,101,4,384656
1823,6055,166,4,296192
1824,6353,158,2,197946
1825,5007,162,3,192468
1826,5035,165,3,268941
1827,6789,191,1,17011
1828,6986,155,3,124476
1829,6389,158,4,395892
1830,5479,120,5,430875
1831,5993,146,4,192196
1832,6514,106,5,252205
1833,6627,200,1,33853
1834,5714,101,4,384656
1835,6924,187,4,127788
1836,6349,115,1,69937
1837,6504,198,4,316464
1838,5602,108,5,379730
1839,5400,145,2,64182
1840,6782,148,5,436375
1841,6795,153,5,411905
1842,6608,177,5,96600
1843,5066,117,2,173646
1844,6020,130,1,50131
1845,5618,163,5,80475
1846,6792,189,4,342072
1847,5345,107,4,102908
1848,6956,140,1,21706
1849,5988,135,5,452695
1850,5494,153,2,164762
1851,5434,161,2,73440
1852,6543,101,1,96164
1853,5217,181,4,198516
1854,6466,127,1,59153
1855,5329,185,3,112998
1856,6849,163,4,64380
1857,6570,132,3,225531
1858,5452,103,3,61428
1859,6364,149,4,8244
1860,6949,181,1,49629
1861,6363,162,2,128312
1862,6890,194,5,164625
1863,6298,131,4,132028
1864,5186,195,3,83688
1865,6786,170,2,155238
1866,6909,121,5,446945
1867,6570,178,5,204465
1868,5133,138,3,183708
1869,5773,181,4,198516
1870,6340,180,5,93905
1871,6979,157,4,51252
1872,6656,160,2,97906
1873,5458,187,3,95841
1874,5237,162,3,192468
1875,5180,169,1,49311
1876,5183,182,3,167805
1877,6517,105,5,366700
1878,6920,147,2,185310
1879,6525,163,1,16095
1880,6174,135,3,271617
1881,5261,126,3,173643
1882,6954,196,4,112608
1883,6182,159,1,27318
1884,5637,178,1,40893
1885,6209,140,5,108530
1886,5389,129,4,33420
1887,5868,132,3,225531
1888,6580,147,3,277965
1889,6634,179,2,27478
1890,6065,179,5,68695
1891,6210,160,2,97906
1892,5219,118,4,250148
1893,5019,139,5,309905
1894,6746,115,4,279748
1895,5648,194,2,65850
1896,6672,101,3,288492
1897,6715,102,2,154022
1898,6024,155,4,165968
1899,5302,153,5,411905
1900,5581,157,2,25626
1901,6530,141,1,46293
1902,6227,181,3,148887
1903,5633,109,5,274205
1904,6411,179,1,13739
1905,5561,148,5,436375
1906,5980,143,2,121756
1907,6014,200,3,101559
1908,6443,122,4,170020
1909,5121,172,3,188391
1910,5313,139,2,123962
1911,6737,162,2,128312
1912,6435,191,1,17011
1913,6891,195,2,55792
1914,6755,161,4,146880
1915,6490,137,4,245772
1916,5613,130,2,100262
1917,5045,174,5,150075
1918,5804,161,3,110160
1919,5866,155,4,165968
1920,5714,162,4,256624
1921,5801,188,1,90873
1922,6082,147,3,277965
1923,5579,179,2,27478
1924,6436,105,5,366700
1925,5807,121,1,89389
1926,5269,169,3,147933
1927,6541,129,5,41775
1928,6774,114,1,14154
1929,6741,110,3,295827
1930,5938,123,2,143824
1931,6183,152,2,94358
1932,5905,144,4,205688
1933,5597,125,2,61634
1934,5430,164,2,38898
1935,6648,200,2,67706
1936,6506,140,1,21706
1937,5742,130,5,250655
1938,5209,187,2,63894
1939,5772,178,4,163572
1940,6392,136,2,154870
1941,6897,159,1,27318
1942,5197,151,3,115536
1943,6996,188,4,363492
1944,5368,137,1,61443
1945,5241,196,5,140760
1946,6332,158,3,296919
1947,6216,150,4,321928
1948,6987,158,2,197946
1949,6285,172,4,251188
1950,5502,109,1,54841
1951,5244,155,2,82984
1952,5813,180,4,75124
1953,5620,159,5,136590
1954,6955,101,2,192328
1955,6337,132,4,300708
1956,6589,111,1,51604
1957,6593,129,4,33420
1958,6772,116,4,382768
1959,5564,180,4,75124
1960,5753,185,1,37666
1961,5246,141,1,46293
1962,5170,183,1,55379
1963,6002,174,5,150075
1964,5461,116,1,95692
1965,6202,174,5,150075
1966,6173,200,4,135412
1967,5561,157,1,12813
1968,6627,113,5,334180
1969,5371,169,4,197244
1970,5992,160,4,195812
1971,5612,191,5,85055
1972,5257,175,1,84283
1973,5667,200,1,33853
1974,6462,154,5,416725
1975,5379,187,4,127788
1976,6665,152,1,47179
1977,5807,134,5,404435
1978,6675,182,5,279675
1979,6605,138,5,306180
1980,6001,172,1,62797
1981,6063,151,5,192560
1982,6104,104,1,64483
1983,6544,106,2,100882
1984,6978,108,1,75946
1985,5371,134,5,404435
1986,6424,142,2,169492
1987,5011,188,5,454365
1988,5916,153,3,247143
1989,5252,183,1,55379
1990,5264,170,5,388095
1991,5423,192,2,175740
1992,5180,143,5,304390
1993,5526,193,1,3799
1994,5174,111,1,51604
1995,6037,199,3,59892
1996,5745,189,5,427590
1997,5352,144,4,205688
1998,6936,200,1,33853
1999,5509,128,3,14382
2000,5095,123,5,359560
2001,6853,186,3,88431
2002,6350,189,5,427590
2003,5912,137,2,122886
2004,6182,114,4,56616
2005,6424,135,3,271617
2006,6071,196,3,84456
2007,6242,177,5,96600
2008,6046,110,2,197218
2009,6409,165,1,89647
2010,6358,112,1,65923
2011,5486,112,1,65923
2012,5386,141,2,92586
2013,5614,145,2,64182
2014,6961,114,2,28308
2015,6234,198,5,395580
2016,5443,109,5,274205
2017,5736,177,3,57960
2018,5264,150,5,402410
2019,5865,104,1,64483
2020,6127,109,3,164523
2021,5534,190,4,212736
2022,6331,105,2,146680
2023,5820,144,4,205688
2024,5171,178,3,122679
2025,6386,200,4,135412
2026,6926,106,2,100882
2027,6098,119,2,165382
2028,5145,131,3,99021
2029,6297,144,2,102844
2030,6464,191,3,51033
2031,6155,156,5,384825
2032,6239,155,2,82984
2033,5860,125,2,61634
2034,5648,168,4,285316
2035,5777,103,1,20476
2036,6975,150,5,402410
2037,5507,167,1,52717
2038,5554,121,1,89389
2039,6089,119,1,82691
2040,6401,193,5,18995
2041,5834,151,1,38512
2042,5675,164,1,19449
2043,5744,181,3,148887
2044,6594,174,3,90045
2045,5300,195,2,55792
2046,5561,116,1,95692
2047,5201,171,4,60804
2048,6985,115,2,139874
2049,5776,159,1,27318
2050,6604,180,1,18781
2051,5360,171,5,76005
2052,6492,136,3,232305
2053,6206,158,4,395892
2054,5196,175,5,421415
2055,5715,171,5,76005
2056,6773,142,3,254238
2057,6130,131,3,99021
2058,6245,115,1,69937
2059,6837,116,1,95692
2060,5350,117,3,260469
2061,6939,110,4,394436
2062,5371,198,3,237348
2063,6651,192,5,439350
2064,6130,187,5,159735
2065,6807,105,4,293360
2066,5977,191,5,85055
2067,5262,187,3,95841
2068,5020,171,5,76005
2069,6461,121,2,178778
2070,6347,183,2,110758
2071,5293,190,4,212736
2072,6163,196,3,84456
2073,5109,125,3,92451
2074,6449,112,2,131846
2075,6389,116,5,478460
2076,5857,180,4,75124
2077,5375,111,4,206416
2078,5725,169,4,197244
2079,6029,113,3,200508
2080,5565,108,4,303784
2081,6067,172,2,125594
2082,5626,197,1,31539
2083,6941,172,3,188391
2084,5833,151,3,115536
2085,6732,132,1,75177
2086,6300,166,1,74048
2087,5158,137,2,122886
2088,6936,152,1,47179
2089,5339,145,5,160455
2090,5118,182,1,55935
2091,6523,180,3,56343
2092,6135,155,4,165968
2093,6656,113,1,66836
2094,6971,114,4,56616
2095,6387,176,5,430485
2096,6910,153,2,164762
2097,5983,192,4,351480
2098,6055,194,5,164625
2099,6430,106,1,50441
2100,5831,114,1,14154
2101,6263,144,2,102844
2102,6866,154,1,83345
2103,6463,172,4,251188
2104,6439,180,5,93905
2105,6536,113,3,200508
2106,5501,170,5,388095
2107,6401,166,5,370240
2108,5087,193,5,18995
2109,5919,193,2,7598
2110,6382,105,5,366700
2111,6851,103,2,40952
2112,5359,178,1,40893
2113,5752,150,2,160964
2114,6053,116,3,287076
2115,6951,152,1,47179
2116,5866,118,4,250148
2117,5777,149,2,4122
2118,5765,135,1,90539
2119,5693,182,2,111870
2120,6704,117,5,434115
2121,6743,102,1,77011
2122,5595,200,3,101559
2123,5990,161,3,110160
2124,5543,183,2,110758
2125,5005,131,5,165035
2126,5807,125,2,61634
2127,6891,128,3,14382
2128,6903,129,5,41775
2129,6692,185,1,37666
2130,6916,197,4,126156
2131,6828,126,5,289405
2132,6738,129,4,33420
2133,5118,163,3,48285
2134,5013,102,5,385055
2135,5943,135,3,271617
2136,5612,137,3,184329
2137,5220,184,1,65139
2138,5717,133,2,46560
2139,5824,187,3,95841
2140,5019,187,1,31947
2141,5883,109,4,219364
2142,5405,128,1,4794
2143,6084,148,5,436375
2144,6841,127,2,118306
2145,5842,188,1,90873
2146,6871,101,4,384656
2147,5015,120,2,172350
2148,6576,191,3,51033
2149,5464,104,4,257932
2150,5810,153,3,247143
2151,5613,124,3,29904
2152,5878,138,2,122472
2153,6099,136,3,232305
2154,5223,158,4,395892
2155,6345,183,4,221516
2156,5332,141,2,92586
2157,5725,114,4,56616
2158,5012,186,3,88431
2159,6810,107,2,51454
2160,5227,181,2,99258
2161,5584,180,1,18781
2162,5274,129,4,33420
2163,5863,200,3,101559
2164,6846,193,1,3799
2165,5329,101,2,192328
2166,6943,169,4,197244
2167,6966,187,3,95841
2168,5244,197,4,126156
2169,6002,130,5,250655
2170,6015,171,2,30402
2171,5666,109,4,219364
2172,6028,128,4,19176
2173,5270,148,1,87275
2174,6962,123,1,71912
2175,6624,101,1,96164
2176,5259,127,2,118306
2177,5705,182,5,279675
2178,5028,109,2,109682
2179,5107,118,3,187611
2180,5880,101,5,480820
2181,6511,161,1,36720
2182,5890,177,4,77280
2183,5593,144,3,154266
2184,5996,155,1,41492
2185,6559,164,4,77796
2186,5508,116,5,478460
2187,5313,129,5,41775
2188,5383,176,2,172194
2189,5576,144,1,51422
2190,6770,148,3,261825
2191,6436,154,2,166690
2192,6365,112,4,263692
2193,5407,155,4,165968
2194,6447,137,1,61443
2195,6436,195,5,139480
2196,6252,149,2,4122
2197,5387,127,5,295765
2198,6289,184,2,130278
2199,5470,125,1,30817
2200,5271,130,4,200524
2201,5079,182,3,167805
2202,5394,149,2,4122
2203,5874,127,1,59153
2204,6263,150,2,160964
2205,5187,103,1,20476
2206,5779,169,4,197244
2207,6076,170,3,232857
2208,6434,115,2,139874
2209,5455,116,3,287076
2210,5873,192,4,351480
2211,5126,168,5,356645
2212,5875,192,1,87870
2213,5624,135,1,90539
2214,5552,102,3,231033
2215,5575,125,3,92451
2216,6458,133,4,93120
2217,5506,147,3,277965
2218,6834,123,1,71912
2219,5373,113,1,66836
2220,5002,116,1,95692
2221,6353,189,3,256554
2222,5435,161,3,110160
2223,5967,161,3,110160
2224,6861,187,5,159735
2225,5207,189,4,342072
2226,5379,129,3,25065
2227,6943,177,4,77280
2228,5745,170,3,232857
2229,5624,143,1,60878
2230,5199,153,1,82381
2231,6399,151,5,192560
2232,6578,138,2,122472
2233,5679,173,3,223752
2234,6519,150,3,241446
2235,6522,128,5,23970
2236,6084,196,5,140760
2237,5762,125,2,61634
2238,6332,137,3,184329
2239,5431,115,5,349685
2240,5787,178,1,40893
2241,6817,175,1,84283
2242,5268,187,5,159735
2243,5247,162,1,64156
2244,6202,169,2,98622
2245,5396,181,4,198516
2246,6896,198,1,79116
2247,5154,106,5,252205
2248,6268,112,3,197769
2249,5618,104,4,257932
2250,6559,114,2,28308
2251,6093,196,2,56304
2252,5090,199,2,39928
2253,5393,143,4,243512
2254,6128,170,3,232857
2255,6826,183,5,276895
2256,6998,172,3,188391
2257,6833,136,3,232305
2258,5919,192,1,87870
2259,6866,104,4,257932
2260,5139,166,4,296192
2261,5859,147,5,463275
2262,6908,185,5,188330
2263,6620,157,1,12813
2264,5342,117,5,434115
2265,5562,166,2,148096
2266,5594,149,1,2061
2267,6958,196,5,140760
2268,5125,191,2,34022
2269,6517,162,4,256624
2270,6014,196,5,140760
2271,6783,172,5,313985
2272,6990,141,1,46293
2273,5339,114,4,56616
2274,6538,112,5,329615
2275,5787,191,5,85055
2276,6597,125,4,123268
2277,5821,120,5,430875
2278,5557,102,2,154022
2279,5377,189,1,85518
2280,5328,198,5,395580
2281,5447,177,5,96600
2282,6427,187,1,31947
2283,6801,146,5,240245
2284,5933,113,5,334180
2285,6450,138,5,306180
2286,5531,135,3,271617
2287,6746,199,2,39928
2288,5607,198,3,237348
2289,6131,153,1,82381
2290,5351,152,2,94358
2291,5094,108,5,379730
2292,5488,102,3,231033
2293,5081,172,2,125594
2294,6930,105,3,220020
2295,6900,134,2,161774
2296,5554,121,1,89389
2297,6316,187,2,63894
2298,6687,181,2,99258
2299,6095,154,1,83345
2300,5003,187,3,95841
2301,6296,121,5,446945
2302,6992,158,3,296919
2303,5665,155,1,41492
2304,6939,180,5,93905
2305,5541,121,2,178778
2306,5837,173,5,372920
2307,5604,128,3,14382
2308,5118,197,1,31539
2309,6688,163,3,48285
2310,5450,105,3,220020
2311,5362,189,3,256554
2312,6990,170,1,77619
2313,6101,199,5,99820
2314,5218,134,4,323548
2315,6937,126,3,173643
2316,6782,123,5,359560
2317,6129,142,2,169492
2318,6673,149,4,8244
2319,5452,190,3,159552
2320,5551,179,2,27478
2321,6192,199,4,79856
2322,5319,192,4,351480
2323,5475,170,4,310476
2324,5755,159,2,54636
2325,6848,153,4,329524
2326,5192,119,4,330764
2327,5372,143,4,243512
2328,5379,156,2,153930
2329,5387,167,5,263585
2330,6005,123,2,143824
2331,6327,166,3,222144
2332,5044,185,3,112998
2333,5334,186,2,58954
2334,6675,197,4,126156
2335,6408,101,5,480820
2336,5385,142,1,84746
2337,5294,127,1,59153
2338,5874,188,2,181746
2339,5932,108,4,303784
2340,5206,104,5,322415
2341,5282,142,1,84746
2342,6236,195,1,27896
2343,5774,110,4,394436
2344,5043,197,1,31539
2345,6693,141,1,46293
2346,6564,148,1,87275
2347,5271,123,2,143824
2348,6578,163,1,16095
2349,5549,131,2,66014
2350,6923,165,5,448235
2351,5028,188,1,90873
2352,6962,175,1,84283
2353,6111,107,3,77181
2354,6747,165,1,89647
2355,5415,199,2,39928
2356,5984,124,5,49840
2357,6828,114,4,56616
2358,6671,113,2,133672
2359,5630,174,3,90045
2360,5981,133,2,46560
2361,5500,178,1,40893
2362,6114,131,3,99021
2363,6286,133,5,116400
2364,5253,101,1,96164
2365,6690,132,1,75177
2366,5211,167,5,263585
2367,5608,126,1,57881
2368,6048,143,4,243512
2369,5291,115,1,69937
2370,6869,192,2,175740
2371,5050,103,2,40952
2372,5875,121,4,357556
2373,5302,157,3,38439
2374,6343,194,3,98775
2375,5463,129,4,33420
2376,6407,177,1,19320
2377,6008,150,2,160964
2378,5226,115,2,139874
2379,5209,106,3,151323
2380,5732,191,1,17011
2381,6261,131,3,99021
2382,5243,169,3,147933
2383,6891,121,1,89389
2384,6835,183,1,55379
2385,6239,187,2,63894
2386,5365,128,4,19176
2387,6087,156,3,230895
2388,6229,128,2,9588
2389,6392,178,4,163572
2390,5308,133,3,69840
2391,6280,159,3,81954
2392,5714,172,1,62797
2393,5556,157,4,51252
2394,6356,197,3,94617
2395,6911,190,3,159552
2396,6661,127,1,59153
2397,6616,195,1,27896
2398,6765,142,2,169492
2399,6593,116,2,191384
2400,5656,197,2,63078
2401,5800,168,4,285316
2402,6478,177,4,77280
2403,6669,159,1,27318
2404,5232,144,5,257110
2405,5876,166,3,222144
2406,5297,152,1,47179
2407,5662,143,2,121756
2408,5373,126,4,231524
2409,5723,171,3,45603
2410,6013,176,4,344388
2411,5986,122,4,170020
2412,6233,131,3,99021
2413,5284,145,2,64182
2414,5785,145,4,128364
2415,6126,156,4,307860
2416,6104,132,5,375885
2417,6009,155,5,207460
2418,6099,175,2,168566
2419,5788,138,1,61236
2420,6190,147,4,370620
2421,6080,147,5,463275
2422,6591,119,2,165382
2423,6440,139,1,61981
2424,5482,134,3,242661
2425,5006,115,2,139874
2426,6743,124,1,9968
2427,5743,157,5,64065
2428,5971,187,2,63894
2429,6887,114,1,14154
2430,5123,127,3,177459
2431,5740,150,2,160964
2432,5604,175,4,337132
2433,5296,174,5,150075
2434,6991,171,4,60804
2435,5497,151,2,77024
2436,6696,136,2,154870
2437,5115,126,2,115762
2438,5241,105,2,146680
2439,5774,174,1,30015
2440,6426,107,4,102908
2441,5762,101,1,96164
2442,6437,166,1,74048
2443,6358,195,5,139480
2444,5152,126,4,231524
2445,6716,185,5,188330
2446,6783,182,2,111870
2447,5062,141,2,92586
2448,5749,163,2,32190
2449,5162,138,2,122472
2450,5158,148,1,87275
2451,6166,133,4,93120
2452,5307,163,2,32190
2453,5963,139,2,123962
2454,6533,118,5,312685
2455,6431,143,3,182634
2456,5963,184,4,260556
2457,6480,114,3,42462
2458,5910,195,1,27896
2459,5588,192,1,87870
2460,5320,133,1,23280
2461,6805,135,1,90539
2462,6238,121,2,178778
2463,6031,167,2,105434
2464,5023,135,4,362156
2465,6706,154,4,333380
2466,6393,103,4,81904
2467,6135,112,3,197769
2468,6883,162,5,320780
2469,6028,129,3,25065
2470,6453,147,2,185310
2471,5868,144,2,102844
2472,5557,174,1,30015
2473,6069,147,4,370620
2474,6948,197,2,63078
2475,6522,193,2,7598
2476,5821,165,5,448235
2477,5115,182,2,111870
2478,5804,181,2,99258
2479,6685,199,5,99820
2480,6240,198,1,79116
2481,6673,200,4,135412
2482,5978,135,3,271617
2483,6337,124,4,39872
2484,6695,163,4,64380
2485,5338,170,1,77619
2486,6646,194,3,98775
2487,6325,178,4,163572
2488,5399,189,3,256554
2489,5223,162,1,64156
2490,5160,116,3,287076
2491,6236,184,3,195417
2492,5058,116,2,191384
2493,5578,131,2,66014
2494,6110,199,1,19964
2495,5134,157,2,25626
2496,6223,104,1,64483
2497,6550,198,3,237348
2498,5385,152,5,235895
2499,5414,162,1,64156
2500,5493,167,3,158151
2501,5175,129,5,41775
2502,6157,189,1,85518
2503,6155,170,4,310476
2504,5094,119,1,82691
2505,5645,188,1,90873
2506,6933,164,3,58347
2507,5018,188,3,272619
2508,6540,124,3,29904
2509,6964,169,4,197244
2510,6025,139,2,123962
2511,5645,194,4,131700
2512,6487,110,3,295827
2513,6995,142,2,169492
2514,6440,174,1,30015
2515,5679,137,4,245772
2516,6837,104,5,322415
2517,5207,170,5,388095
2518,6654,152,2,94358
2519,5049,180,5,93905
2520,6631,123,4,287648
2521,5977,161,5,183600
2522,6780,108,1,75946
2523,5595,195,2,55792
2524,5311,166,4,296192
2525,5162,156,1,76965
2526,6952,138,2,122472
2527,6812,133,2,46560
2528,6654,108,2,151892
2529,6575,194,2,65850
2530,6974,182,5,279675
2531,6058,148,5,436375
2532,6335,182,5,279675
2533,6906,176,3,258291
2534,5917,144,2,102844
2535,5695,190,3,159552
2536,5738,151,5,192560
2537,6753,171,4,60804
2538,5082,196,4,112608
2539,5490,192,2,175740
2540,6251,111,5,258020
2541,5154,144,2,102844
2542,6162,170,4,310476
2543,5200,103,1,20476
2544,5293,194,3,98775
2545,6121,169,1,49311
2546,6022,133,1,23280
2547,5932,136,3,232305
2548,5348,153,3,247143
2549,5331,186,1,29477
2550,5574,106,5,252205
2551,5745,105,3,220020
2552,5183,118,1,62537
2553,5367,155,4,165968
2554,5529,187,4,127788
2555,5525,116,4,382768
2556,6332,187,2,63894
2557,6925,137,1,61443
2558,6991,160,5,244765
2559,6000,189,1,85518
2560,5745,146,3,144147
2561,5822,170,4,310476
2562,6756,195,5,139480
2563,6879,117,2,173646
2564,5903,133,3,69840
2565,6050,116,5,478460
2566,6950,114,3,42462
2567,5766,174,1,30015
2568,6398,169,4,197244
2569,6037,118,4,250148
2570,5539,166,1,74048
2571,6272,110,1,98609
2572,6518,179,2,27478
2573,6434,103,5,102380
2574,5017,134,2,161774
2575,6748,200,1,33853
2576,5596,152,4,188716
2577,5325,116,5,478460
2578,5818,151,1,38512
2579,5457,164,4,77796
2580,6791,184,4,260556
2581,6371,191,1,17011
2582,5715,127,4,236612
2583,5960,172,5,313985
2584,6844,199,4,79856
2585,5224,129,1,8355
2586,5370,185,1,37666
2587,6879,128,4,19176
2588,6574,149,4,8244
2589,5409,114,4,56616
2590,5674,167,1,52717
2591,5650,115,3,209811
2592,6238,115,4,279748
2593,5436,145,4,128364
2594,5235,103,3,61428
2595,5931,178,1,40893
2596,6117,115,2,139874
2597,6943,130,4,200524
2598,5299,146,2,96098
2599,5656,114,5,70770
2600,5065,163,5,80475
2601,6586,171,4,60804
2602,5128,194,3,98775
2603,6618,167,4,210868
2604,5970,180,2,37562
2605,5111,137,2,122886
2606,6778,178,1,40893
2607,6952,165,4,358588
2608,5553,161,3,110160
2609,6302,170,2,155238
2610,5172,124,2,19936
2611,5142,130,3,150393
2612,5830,153,1,82381
2613,5611,116,4,382768
2614,6785,161,4,146880
2615,6075,187,2,63894
2616,6372,111,3,154812
2617,5377,198,1,79116
2618,5190,161,4,146880
2619,5701,128,3,14382
2620,5337,112,2,131846
2621,5716,188,4,363492
2622,5987,137,4,245772
2623,6097,191,2,34022
2624,6978,193,4,15196
2625,5727,116,5,478460
2626,5797,130,1,50131
2627,6149,139,5,309905
2628,5407,105,1,73340
2629,6481,174,5,150075
2630,6263,181,2,99258
2631,5664,108,3,227838
2632,5030,150,2,160964
2633,6837,110,4,394436
2634,6913,142,2,169492
2635,6023,185,3,112998
2636,5233,123,4,287648
2637,5539,144,5,257110
2638,6480,143,1,60878
2639,5923,140,2,43412
2640,6300,134,4,323548
2641,6309,146,5,240245
2642,5200,122,1,42505
2643,5448,173,2,149168
2644,5861,150,5,402410
2645,6586,106,2,100882
2646,6231,191,4,68044
2647,5443,128,3,14382
2648,5430,166,2,148096
2649,6991,162,5,320780
2650,6957,148,1,87275
2651,5759,154,3,250035
2652,5034,134,3,242661
2653,6837,156,3,230895
2654,6029,159,1,27318
2655,6433,157,4,51252
2656,6329,107,4,102908
2657,5848,159,4,109272
2658,5721,168,3,213987
2659,6697,171,5,76005
2660,5873,172,5,313985
2661,6995,188,3,272619
2662,5233,161,2,73440
2663,5940,183,4,221516
2664,5765,122,2,85010
2665,6133,106,5,252205
2666,5334,109,5,274205
2667,5893,197,4,126156
2668,5584,108,4,303784
2669,6299,152,3,141537
2670,6438,133,5,116400
2671,6921,132,1,75177
2672,5180,193,1,3799
2673,5184,152,1,47179
2674,6263,160,4,195812
2675,5213,149,4,8244
2676,6536,174,5,150075
2677,6899,108,5,379730
2678,5205,123,4,287648
2679,6031,174,5,150075
2680,6651,135,1,90539
2681,6368,125,3,92451
2682,6745,142,4,338984
2683,5434,191,2,34022
2684,6592,144,4,205688
2685,6130,118,4,250148
2686,5235,136,2,154870
2687,6754,193,4,15196
2688,6947,150,1,80482
2689,5719,179,4,54956
2690,5846,157,4,51252
2691,5016,183,3,166137
2692,6602,156,2,153930
2693,6040,145,3,96273
2694,5549,157,3,38439
2695,5630,103,4,81904
2696,6379,105,2,146680
2697,5009,199,4,79856
2698,5067,142,1,84746
2699,5054,150,2,160964
2700,6619,129,3,25065
2701,6722,167,5,263585
2702,6680,189,5,427590
2703,5651,191,3,51033
2704,5350,102,5,385055
2705,5881,200,2,67706
2706,6139,138,4,244944
2707,5395,124,5,49840
2708,6320,123,4,287648
2709,6697,187,1,31947
2710,6642,163,5,80475
2711,5879,102,2,154022
2712,6924,196,4,112608
2713,6492,109,2,109682
2714,5826,126,3,173643
2715,6060,178,2,81786
2716,5896,180,2,37562
2717,5204,174,2,60030
2718,6033,173,1,74584
2719,6294,183,5,276895
2720,6607,175,4,337132
2721,6727,106,3,151323
2722,6715,128,5,23970
2723,5326,127,3,177459
2724,5418,178,1,40893
2725,5192,111,1,51604
2726,5896,154,1,83345
2727,6288,169,5,246555
2728,5314,149,1,2061
2729,6266,157,5,64065
2730,6886,135,1,90539
2731,6172,150,4,321928
2732,5052,106,2,100882
2733,5930,121,3,268167
2734,5383,156,2,153930
2735,6337,155,2,82984
2736,5609,183,2,110758
2737,6097,104,2,128966
2738,6488,167,4,210868
2739,6578,137,3,184329
2740,6351,175,1,84283
2741,5564,101,1,96164
2742,6915,117,2,173646
2743,6285,125,1,30817
2744,6308,137,5,307215
2745,6776,124,1,9968
2746,5228,142,4,338984
2747,6899,113,5,334180
2748,5252,142,1,84746
2749,5291,169,3,147933
2750,5537,123,2,143824
2751,5191,157,1,12813
2752,6013,134,3,242661
2753,6870,101,2,192328
2754,5801,197,1,31539
2755,6006,103,1,20476
2756,5848,172,1,62797
2757,5997,124,1,9968
2758,5431,178,4,163572
2759,5769,125,3,92451
2760,6298,171,4,60804
2761,6656,142,2,169492
2762,5369,193,3,11397
2763,5021,170,2,155238
2764,6351,183,5,276895
2765,6293,108,5,379730
2766,6751,159,1,27318
2767,5241,109,3,164523
2768,5711,168,4,285316
2769,6258,196,5,140760
2770,6120,146,1,48049
2771,5325,153,5,411905
2772,6519,195,3,83688
2773,6898,128,1,4794
2774,5395,183,5,276895
2775,5061,165,5,448235
2776,5048,122,5,212525
2777,6049,133,2,46560
2778,5443,122,3,127515
2779,5236,167,2,105434
2780,5061,185,3,112998
2781,5284,163,2,32190
2782,5171,166,2,148096
2783,5549,177,3,57960
2784,5987,141,2,92586
2785,6953,189,1,85518
2786,5714,130,5,250655
2787,6336,114,3,42462
2788,5957,153,4,329524
2789,5894,199,5,99820
2790,6939,185,4,150664
2791,6889,107,2,51454
2792,5513,145,2,64182
2793,5406,170,3,232857
2794,6970,138,4,244944
2795,5211,184,5,325695
2796,6625,156,5,384825
2797,5639,148,2,174550
2798,6627,134,2,161774
2799,6954,181,4,198516
2800,5888,185,4,150664
2801,5868,142,5,423730
2802,6531,179,3,41217
2803,6671,111,3,154812
2804,6276,149,1,2061
2805,6244,151,4,154048
2806,5880,156,2,153930
2807,6162,181,3,148887
2808,5766,187,1,31947
2809,5921,135,2,181078
2810,6822,163,1,16095
2811,6963,181,5,248145
2812,5519,153,5,411905
2813,5840,133,3,69840
2814,6237,200,5,169265
2815,5722,123,4,287648
2816,5062,140,1,21706
2817,5369,131,3,99021
2818,5880,154,2,166690
2819,5733,161,2,73440
2820,5149,146,2,96098
2821,6346,172,3,188391
2822,5762,170,2,155238
2823,6597,107,3,77181
2824,5251,147,1,92655
2825,5653,175,1,84283
2826,6469,131,3,99021
2827,5438,151,4,154048
2828,6163,176,3,258291
2829,6841,136,2,154870
2830,6151,133,1,23280
2831,5790,136,3,232305
2832,6233,156,2,153930
2833,6080,166,2,148096
2834,5211,187,5,159735
2835,5570,162,5,320780
2836,6938,119,1,82691
2837,6176,129,4,33420
2838,6398,188,4,363492
2839,5651,132,3,225531
2840,5406,146,2,96098
2841,5102,163,4,64380
2842,6022,107,1,25727
2843,5563,101,4,384656
2844,5245,197,1,31539
2845,5928,183,2,110758
2846,6232,152,3,141537
2847,6211,134,4,323548
2848,5485,105,5,366700
2849,5044,109,3,164523
2850,5037,109,5,274205
2851,5010,144,4,205688
2852,5583,179,2,27478
2853,6724,160,4,195812
2854,5076,157,5,64065
2855,6881,149,5,10305
2856,5081,165,3,268941
2857,6321,173,1,74584
2858,5143,134,4,323548
2859,5195,178,4,163572
2860,6482,154,3,250035
2861,5563,135,3,271617
2862,6544,137,3,184329
2863,5820,171,1,15201
2864,6140,102,3,231033
2865,6012,140,5,108530
2866,5097,175,4,337132
2867,5612,109,4,219364
2868,6011,132,1,75177
2869,6727,159,3,81954
2870,6921,176,5,430485
2871,5211,160,1,48953
2872,5459,112,1,65923
2873,6691,170,1,77619
2874,5285,104,1,64483
2875,5662,112,4,263692
2876,5464,149,2,4122
2877,5181,129,2,16710
2878,6483,124,3,29904
2879,6672,137,5,307215
2880,5011,142,1,84746
2881,5532,149,1,2061
2882,5227,101,1,96164
2883,6940,106,3,151323
2884,5154,139,3,185943
2885,5675,112,5,329615
2886,6622,190,4,212736
2887,5553,188,2,181746
2888,6895,117,2,173646
2889,6195,132,4,300708
2890,5246,178,2,81786
2891,5654,157,2,25626
2892,6543,145,5,160455
2893,6819,107,4,102908
2894,6305,125,4,123268
2895,6369,122,1,42505
2896,6069,119,5,413455
2897,5493,182,5,279675
2898,5979,142,4,338984
2899,7000,147,3,277965
2900,5660,128,4,19176
2901,5463,194,1,32925
2902,5541,190,3,159552
2903,6457,174,1,30015
2904,5723,152,5,235895
2905,6712,185,2,75332
2906,6351,186,2,58954
2907,6424,158,1,98973
2908,5154,128,4,19176
2909,5124,162,2,128312
2910,5027,141,2,92586
2911,5959,101,4,384656
2912,5385,130,4,200524
2913,5215,156,3,230895
2914,5428,143,5,304390
2915,6560,135,5,452695
2916,6053,176,3,258291
2917,6558,153,3,247143
2918,6452,161,4,146880
2919,6343,162,2,128312
2920,6737,136,5,387175
2921,5217,112,2,131846
2922,5449,166,3,222144
2923,5790,191,4,68044
2924,6778,133,5,116400
2925,6052,172,2,125594
2926,6598,160,4,195812
2927,5385,157,1,12813
2928,5570,101,4,384656
2929,5337,106,3,151323
2930,6949,163,5,80475
2931,6328,115,1,69937
2932,5302,137,4,245772
2933,6795,153,1,82381
2934,6526,140,1,21706
2935,5493,157,1,12813
2936,6832,150,4,321928
2937,5384,169,3,147933
2938,5059,173,4,298336
2939,6356,152,5,235895
2940,5928,109,3,164523
2941,5544,130,1,50131
2942,6899,129,5,41775
2943,5173,154,3,250035
2944,5884,127,2,118306
2945,5309,152,4,188716
2946,6029,104,4,257932
2947,6041,168,3,213987
2948,5109,175,4,337132
2949,5559,175,3,252849
2950,5201,190,1,53184
2951,6329,158,4,395892
2952,6500,160,4,195812
2953,5398,111,3,154812
2954,5388,167,4,210868
2955,5362,106,5,252205
2956,5566,128,5,23970
2957,6245,175,4,337132
2958,6063,130,4,200524
2959,5224,197,1,31539
2960,6324,162,2,128312
2961,6964,123,1,71912
2962,5450,122,1,42505
2963,5109,198,1,79116
2964,6179,200,3,101559
2965,5489,152,1,47179
2966,6090,169,1,49311
2967,5565,179,2,27478
2968,6808,194,5,164625
2969,6433,161,4,146880
2970,5803,190,4,212736
2971,5208,150,2,160964
2972,6504,134,3,242661
2973,6015,130,2,100262
2974,5351,152,2,94358
2975,5712,129,3,25065
2976,6446,184,5,325695
2977,5590,120,1,86175
2978,5194,195,2,55792
2979,6031,143,5,304390
2980,5977,166,3,222144
2981,6747,186,2,58954
2982,5349,174,3,90045
2983,6396,198,1,79116
2984,5342,184,2,130278
2985,5681,131,4,132028
2986,5291,133,1,23280
2987,6365,105,4,293360
2988,5877,158,3,296919
2989,5043,122,2,85010
2990,6996,109,3,164523
2991,6805,188,1,90873
2992,5350,189,1,85518
2993,6217,128,3,14382
2994,6986,128,4,19176
2995,6195,135,1,90539
2996,6001,186,2,58954
2997,5968,156,1,76965
2998,5093,177,1,19320
2999,6162,139,3,185943
3000,6711,156,2,153930
3001,6076,130,5,250655
3002,5343,147,2,185310
3003,6588,138,1,61236
3004,5205,120,3,258525
3005,6647,129,3,25065
3006,5927,121,4,357556
3007,6505,108,3,227838
3008,6118,126,3,173643
3009,6359,195,4,111584
3010,5520,165,3,268941
3011,5940,101,1,96164
3012,6696,171,3,45603
3013,5617,155,3,124476
3014,6826,162,5,320780
3015,6587,106,5,252205
3016,5992,148,1,87275
3017,5553,156,5,384825
3018,6492,171,1,15201
3019,5303,171,4,60804
3020,6754,112,2,131846
3021,6351,152,2,94358
3022,5732,136,4,309740
3023,5064,123,2,143824
3024,6183,108,4,303784
3025,5737,147,2,185310
3026,6525,129,1,8355
3027,5397,157,4,51252
3028,6309,102,1,77011
3029,6978,107,3,77181
3030,6797,122,5,212525
3031,6842,129,4,33420
3032,6963,191,5,85055
3033,5359,132,3,225531
3034,6865,146,3,144147
3035,6819,195,3,83688
3036,5801,167,5,263585
3037,5855,133,3,69840
3038,5634,141,2,92586
3039,5085,197,5,157695
3040,6066,184,3,195417
3041,6709,197,5,157695
3042,5252,140,4,86824
3043,6629,167,4,210868
3044,6161,176,3,258291
3045,5591,179,1,13739
3046,6986,118,1,62537
3047,6022,161,2,73440
3048,5956,122,2,85010
3049,6072,177,3,57960
3050,6278,177,5,96600
3051,6361,142,2,169492
3052,5622,194,4,131700
3053,5591,143,1,60878
3054,6638,141,3,138879
3055,5032,165,4,358588
3056,5084,171,2,30402
3057,5580,130,5,250655
3058,5253,142,1,84746
3059,6001,147,3,277965
3060,5011,124,4,39872
3061,5722,166,1,74048
3062,5103,193,3,11397
3063,5283,102,3,231033
3064,6800,187,3,95841
3065,6609,188,5,454365
3066,6363,123,5,359560
3067,5318,124,1,9968
3068,6461,185,3,112998
3069,5293,152,2,94358
3070,5885,145,5,160455
3071,6881,166,1,74048
3072,5596,150,2,160964
3073,5066,137,4,245772
3074,6911,175,3,252849
3075,5510,110,4,394436
3076,5866,165,4,358588
3077,6981,120,1,86175
3078,6829,199,3,59892
3079,6885,110,3,295827
3080,6223,121,3,268167
3081,5355,197,5,157695
3082,5893,103,3,61428
3083,6648,144,5,257110
3084,5286,193,2,7598
3085,5513,153,2,164762
3086,5853,156,5,384825
3087,5409,140,3,65118
3088,5625,122,1,42505
3089,5609,133,5,116400
3090,6899,114,4,56616
3091,6118,151,2,77024
3092,5770,139,4,247924
3093,5197,106,2,100882
3094,6079,118,4,250148
3095,6422,138,3,183708
3096,6032,160,3,146859
3097,5960,162,3,192468
3098,5876,189,4,342072
3099,5862,107,4,102908
3100,5945,185,1,37666
3101,6869,132,5,375885
3102,5055,119,4,330764
3103,5182,171,2,30402
3104,6260,200,3,101559
3105,6612,165,2,179294
3106,6189,183,5,276895
3107,5765,148,2,174550
3108,6272,163,5,80475
3109,6844,120,5,430875
3110,6798,169,3,147933
3111,5110,166,4,296192
3112,5258,123,4,287648
3113,6373,181,1,49629
3114,5948,114,5,70770
3115,5943,155,1,41492
3116,5174,155,1,41492
3117,5554,150,1,80482
3118,5683,167,5,263585
3119,5200,138,3,183708
3120,6159,128,4,19176
3121,6415,187,3,95841
3122,6771,143,1,60878
3123,5249,161,5,183600
3124,6382,169,5,246555
3125,6515,123,1,71912
3126,6437,193,2,7598
3127,6058,132,2,150354
3128,6152,147,4,370620
3129,5280,139,2,123962
3130,6834,139,2,123962
3131,5617,155,3,124476
3132,6473,178,1,40893
3133,6650,193,4,15196
3134,6278,183,2,110758
3135,5235,113,1,66836
3136,5001,141,2,92586
3137,6237,171,1,15201
3138,6065,161,1,36720
3139,5507,177,2,38640
3140,5213,121,4,357556
3141,5051,188,5,454365
3142,5909,118,4,250148
3143,5114,172,1,62797
3144,5615,200,4,135412
3145,5991,148,2,174550
3146,6680,188,2,181746
3147,6724,121,5,446945
3148,5534,126,5,289405
3149,6396,128,4,19176
3150,6760,140,5,108530
3151,5253,193,4,15196
3152,5300,116,1,95692
3153,5379,101,2,192328
3154,6677,115,2,139874
3155,5350,179,5,68695
3156,6519,115,5,349685
3157,5411,127,4,236612
3158,5984,177,3,57960
3159,5593,141,1,46293
3160,6965,198,5,395580
3161,6010,124,3,29904
3162,6368,176,3,258291
3163,5802,169,4,197244
3164,6429,181,1,49629
3165,5951,109,4,219364
3166,6667,148,4,349100
3167,5304,150,1,80482
3168,5581,102,4,308044
3169,5247,103,5,102380
3170,5798,102,1,77011
3171,6189,175,3,252849
3172,5070,102,5,385055
3173,5911,190,1,53184
3174,6860,150,3,241446
3175,6972,168,2,142658
3176,5959,144,4,205688
3177,5568,101,1,96164
3178,5325,125,3,92451
3179,6026,150,5,402410
3180,5432,179,3,41217
3181,6849,176,5,430485
3182,5800,145,5,160455
3183,5129,129,2,16710
3184,6344,115,2,139874
3185,5721,129,5,41775
3186,5695,145,4,128364
3187,6465,188,2,181746
3188,5571,105,3,220020
3189,6892,140,4,86824
3190,5140,138,4,244944
3191,5772,106,4,201764
3192,6241,196,2,56304
3193,6180,124,5,49840
3194,6589,180,5,93905
3195,5531,128,2,9588
3196,6430,199,3,59892
3197,6206,192,5,439350
3198,5713,153,5,411905
3199,6265,134,4,323548
3200,5139,148,1,87275
3201,5061,134,2,161774
3202,5475,124,1,9968
3203,6363,129,1,8355
3204,6023,166,4,296192
3205,5663,173,2,149168
3206,6581,157,2,25626
3207,5216,126,2,115762
3208,6492,160,4,195812
3209,6548,150,4,321928
3210,6890,131,1,33007
3211,5127,120,5,430875
3212,5513,146,1,48049
3213,5077,106,1,50441
3214,5905,199,3,59892
3215,6243,136,1,77435
3216,6892,136,2,154870
3217,5658,115,1,69937
3218,6431,189,4,342072
3219,5774,150,2,160964
3220,6306,145,5,160455
3221,6140,112,2,131846
3222,5401,191,3,51033
3223,6006,199,4,79856
3224,6391,200,3,101559
3225,5462,119,2,165382
3226,6520,153,2,164762
3227,5889,134,5,404435
3228,6657,178,2,81786
3229,5177,109,5,274205
3230,5050,157,1,12813
3231,5417,162,1,64156
3232,6659,190,2,106368
3233,6830,141,1,46293
3234,5737,135,4,362156
3235,6164,117,5,434115
3236,6771,132,1,75177
3237,5698,159,2,54636
3238,6398,193,5,18995
3239,6017,139,2,123962
3240,6705,113,2,133672
3241,6169,141,4,185172
3242,6026,149,3,6183
3243,5731,106,5,252205
3244,6843,131,5,165035
3245,6748,199,2,39928
3246,6642,152,1,47179
3247,5899,174,4,120060
3248,6281,137,4,245772
3249,6790,156,1,76965
3250,6166,192,1,87870
3251,5261,102,5,385055
3252,5611,155,1,41492
3253,5242,162,4,256624
3254,5473,187,1,31947
3255,6232,200,5,169265
3256,5678,185,1,37666
3257,5459,191,3,51033
3258,6889,118,3,187611
3259,5800,141,3,138879
3260,5140,198,2,158232
3261,6983,158,3,296919
3262,5154,118,5,312685
3263,6179,154,2,166690
3264,6748,200,5,169265
3265,6909,155,5,207460
3266,6025,151,3,115536
3267,5818,194,5,164625
3268,5117,200,5,169265
3269,6429,179,1,13739
3270,6194,172,4,251188
3271,6919,169,3,147933
3272,6338,103,1,20476
3273,5067,168,3,213987
3274,5864,132,3,225531
3275,5411,175,3,252849
3276,6819,117,1,86823
3277,5286,122,2,85010
3278,6121,150,3,241446
3279,6893,159,1,27318
3280,5483,193,4,15196
3281,5150,171,5,76005
3282,6853,141,5,231465
3283,6440,191,1,17011
3284,5709,103,1,20476
3285,6946,112,4,263692
3286,6226,152,5,235895
3287,6904,176,1,86097
3288,6818,183,5,276895
3289,5981,108,2,151892
3290,5555,174,1,30015
3291,5214,157,1,12813
3292,6018,119,5,413455
3293,5462,178,3,122679
3294,5884,198,4,316464
3295,5622,122,2,85010
3296,5044,152,1,47179
3297,5054,168,2,142658
3298,6095,127,5,295765
3299,6762,168,4,285316
3300,6397,163,1,16095
3301,6132,109,4,219364
3302,5107,141,4,185172
3303,6569,192,4,351480
3304,6425,189,2,171036
3305,5881,132,4,300708
3306,6126,116,2,191384
3307,5237,152,4,188716
3308,5242,157,5,64065
3309,6851,129,3,25065
3310,5721,156,2,153930
3311,5703,119,4,330764
3312,6881,157,1,12813
3313,5488,130,2,100262
3314,5189,195,5,139480
3315,5021,185,2,75332
3316,5846,119,5,413455
3317,6164,154,1,83345
3318,6643,135,1,90539
3319,6789,117,2,173646
3320,6665,158,1,98973
3321,5157,106,1,50441
3322,5260,156,4,307860
3323,5370,161,3,110160
3324,5090,134,3,242661
3325,5717,179,5,68695
3326,6342,181,2,99258
3327,5599,138,2,122472
3328,6242,144,4,205688
3329,5981,158,1,98973
3330,6345,133,1,23280
3331,5157,104,3,193449
3332,6922,143,5,304390
3333,5422,132,4,300708
3334,6445,146,3,144147
3335,6839,167,2,105434
3336,5909,142,3,254238
3337,6929,140,3,65118
3338,6598,152,5,235895
3339,5600,136,2,154870
3340,6079,140,3,65118
3341,5654,175,5,421415
3342,6032,159,1,27318
3343,5111,132,3,225531
3344,6845,122,4,170020
3345,6445,188,5,454365
3346,5996,125,3,92451
3347,5161,176,2,172194
3348,6868,130,2,100262
3349,6724,169,5,246555
3350,5473,118,3,187611
3351,6520,153,5,411905
3352,5432,136,1,77435
3353,5763,110,2,197218
3354,5074,127,2,118306
3355,6431,141,4,185172
3356,6332,124,4,39872
3357,6952,180,1,18781
3358,5044,163,4,64380
3359,6713,146,1,48049
3360,5554,145,3,96273
3361,6205,104,4,257932
3362,5616,113,1,66836
3363,5123,175,3,252849
3364,6751,165,5,448235
3365,5787,124,4,39872
3366,5039,112,4,263692
3367,5788,148,4,349100
3368,5091,118,2,125074
3369,5422,194,4,131700
3370,5378,196,4,112608
3371,6091,157,1,12813
3372,6353,103,3,61428
3373,5065,150,5,402410
3374,6563,129,3,25065
3375,6920,112,1,65923
3376,6864,124,5,49840
3377,6546,105,3,220020
3378,6890,148,3,261825
3379,6660,131,5,165035
3380,5444,122,1,42505
3381,5699,150,5,402410
3382,5889,169,4,197244
3383,6603,166,1,74048
3384,6654,178,1,40893
3385,6134,117,4,347292
3386,6951,195,3,83688
3387,6759,174,5,150075
3388,5950,111,4,206416
3389,6173,102,5,385055
3390,6575,150,5,402410
3391,5533,113,2,133672
3392,6967,196,4,112608
3393,5958,148,2,174550
3394,5271,111,1,51604
3395,5575,119,3,248073
3396,5176,194,2,65850
3397,6580,200,5,169265
3398,5606,170,3,232857
3399,6170,103,4,81904
3400,5080,173,5,372920
3401,5562,195,3,83688
3402,5551,178,3,122679
3403,6603,197,5,157695
3404,5026,133,1,23280
3405,5629,155,5,207460
3406,6354,173,3,223752
3407,6713,140,3,65118
3408,6736,189,2,171036
3409,5909,177,4,77280
3410,5036,131,4,132028
3411,5019,170,4,310476
3412,5076,104,3,193449
3413,5984,106,5,252205
3414,5447,184,4,260556
3415,5120,113,5,334180
3416,6923,126,1,57881
3417,5567,132,5,375885
3418,6130,185,3,112998
3419,6953,127,1,59153
3420,5903,182,2,111870
3421,5529,193,3,11397
3422,5532,105,4,293360
3423,5261,184,2,130278
3424,6291,191,2,34022
3425,5301,103,5,102380
3426,6344,164,1,19449
3427,5477,101,1,96164
3428,6341,191,1,17011
3429,5378,191,5,85055
3430,6763,136,4,309740
3431,6188,101,3,288492
3432,5086,113,5,334180
3433,6470,182,2,111870
3434,5125,199,3,59892
3435,6998,110,3,295827
3436,5034,133,3,69840
3437,6107,195,1,27896
3438,6230,120,2,172350
3439,5717,138,1,61236
3440,5159,144,5,257110
3441,5909,124,1,9968
3442,6047,109,1,54841
3443,5486,145,2,64182
3444,5668,153,5,411905
3445,5761,160,4,195812
3446,5147,172,4,251188
3447,6794,195,3,83688
3448,5294,176,1,86097
3449,5669,128,5,23970
3450,6615,164,3,58347
3451,5687,140,4,86824
3452,6838,132,3,225531
3453,5964,116,3,287076
3454,6274,106,1,50441
3455,5329,125,3,92451
3456,5092,195,3,83688
3457,6906,117,2,173646
3458,6868,176,5,430485
3459,5053,185,1,37666
3460,6248,198,2,158232
3461,6655,171,3,45603
3462,6047,180,5,93905
3463,6605,114,5,70770
3464,6460,125,3,92451
3465,6925,155,2,82984
3466,5776,184,5,325695
3467,5067,106,2,100882
3468,5781,199,1,19964
3469,6957,141,1,46293
3470,6964,114,2,28308
3471,6158,143,5,304390
3472,6177,169,5,246555
3473,6504,109,4,219364
3474,6104,127,1,59153
3475,6736,160,5,244765
3476,6635,140,1,21706
3477,6244,195,4,111584
3478,6351,111,5,258020
3479,6066,147,4,370620
3480,5650,174,3,90045
3481,5400,183,5,276895
3482,5601,102,2,154022
3483,5674,188,2,181746
3484,6637,200,3,101559
3485,5473,144,4,205688
3486,5645,191,1,17011
3487,6420,160,2,97906
3488,5912,174,4,120060
3489,5742,140,1,21706
3490,5721,188,5,454365
3491,6036,116,1,95692
3492,6874,157,3,38439
3493,6339,136,4,309740
3494,6240,107,2,51454
3495,5920,139,4,247924
3496,5471,112,5,329615
3497,6696,177,2,38640
3498,6896,181,5,248145
3499,5502,195,4,111584
3500,6381,198,5,395580
